,0
0,https://www.immoweb.be/fr/recherche/maison-et-appartement/a-vendre?countries=BE&orderBy=cheapest&postalCodes=BE-1190&page=3
1,https://www.immoweb.be/fr/recherche/maison-et-appartement/a-vendre?countries=BE&orderBy=cheapest&postalCodes=BE-612&page=1
2,https://www.immoweb.be/fr/recherche/maison-et-appartement/a-vendre?countries=BE&orderBy=cheapest&postalCodes=BE-1047&page=1
3,https://www.immoweb.be/fr/recherche/maison-et-appartement/a-vendre?countries=BE&orderBy=cheapest&postalCodes=BE-1000&page=27
4,https://www.immoweb.be/fr/recherche/maison-et-appartement/a-vendre?countries=BE&orderBy=cheapest&postalCodes=BE-1160&page=1
5,https://www.immoweb.be/fr/recherche/maison-et-appartement/a-vendre?countries=BE&orderBy=cheapest&postalCodes=BE-1180&page=8
6,https://www.immoweb.be/fr/recherche/maison-et-appartement/a-vendre?countries=BE&orderBy=cheapest&postalCodes=BE-1049&page=2
7,https://www.immoweb.be/fr/recherche/maison-et-appartement/a-vendre?countries=BE&orderBy=cheapest&postalCodes=BE-1030&page=14
8,https://www.immoweb.be/fr/recherche/maison-et-appartement/a-vendre?countries=BE&orderBy=cheapest&postalCodes=BE-1000&page=9
9,https://www.immoweb.be/fr/recherche/maison-et-appartement/a-vendre?countries=BE&orderBy=cheapest&postalCodes=BE-1325&page=1
10,https://www.immoweb.be/fr/recherche/maison-et-appartement/a-vendre?countries=BE&orderBy=cheapest&postalCodes=BE-1140&page=1
11,https://www.immoweb.be/fr/recherche/maison-et-appartement/a-vendre?countries=BE&orderBy=cheapest&postalCodes=BE-1080&page=4
12,https://www.immoweb.be/fr/recherche/maison-et-appartement/a-vendre?countries=BE&orderBy=cheapest&postalCodes=BE-1050&page=12
13,https://www.immoweb.be/fr/recherche/maison-et-appartement/a-vendre?countries=BE&orderBy=cheapest&postalCodes=BE-1140&page=3
14,https://www.immoweb.be/fr/recherche/maison-et-appartement/a-vendre?countries=BE&orderBy=cheapest&postalCodes=BE-1402&page=1
15,https://www.immoweb.be/fr/recherche/maison-et-appartement/a-vendre?countries=BE&orderBy=cheapest&postalCodes=BE-1070&page=12
16,https://www.immoweb.be/fr/recherche/maison-et-appartement/a-vendre?countries=BE&orderBy=cheapest&postalCodes=BE-1120&page=2
17,https://www.immoweb.be/fr/recherche/maison-et-appartement/a-vendre?countries=BE&orderBy=cheapest&postalCodes=BE-1440&page=1
18,https://www.immoweb.be/fr/recherche/maison-et-appartement/a-vendre?countries=BE&orderBy=cheapest&postalCodes=BE-1180&page=21
19,https://www.immoweb.be/fr/recherche/maison-et-appartement/a-vendre?countries=BE&orderBy=cheapest&postalCodes=BE-1000&page=7
20,https://www.immoweb.be/fr/recherche/maison-et-appartement/a-vendre?countries=BE&orderBy=cheapest&postalCodes=BE-1300&page=4
21,https://www.immoweb.be/fr/recherche/maison-et-appartement/a-vendre?countries=BE&orderBy=cheapest&postalCodes=BE-1180&page=18
22,https://www.immoweb.be/fr/recherche/maison-et-appartement/a-vendre?countries=BE&orderBy=cheapest&postalCodes=BE-1150&page=8
23,https://www.immoweb.be/fr/recherche/maison-et-appartement/a-vendre?countries=BE&orderBy=cheapest&postalCodes=BE-1060&page=8
24,https://www.immoweb.be/fr/recherche/maison-et-appartement/a-vendre?countries=BE&orderBy=cheapest&postalCodes=BE-1180&page=22
25,https://www.immoweb.be/fr/recherche/maison-et-appartement/a-vendre?countries=BE&orderBy=cheapest&postalCodes=BE-1049&page=1
26,https://www.immoweb.be/fr/recherche/maison-et-appartement/a-vendre?countries=BE&orderBy=cheapest&postalCodes=BE-1030&page=16
27,https://www.immoweb.be/fr/recherche/maison-et-appartement/a-vendre?countries=BE&orderBy=cheapest&postalCodes=BE-1030&page=6
28,https://www.immoweb.be/fr/recherche/maison-et-appartement/a-vendre?countries=BE&orderBy=cheapest&postalCodes=BE-1150&page=2
29,https://www.immoweb.be/fr/recherche/maison-et-appartement/a-vendre?countries=BE&orderBy=cheapest&postalCodes=BE-1000&page=18
30,https://www.immoweb.be/fr/recherche/maison-et-appartement/a-vendre?countries=BE&orderBy=cheapest&postalCodes=BE-1050&page=19
31,https://www.immoweb.be/fr/recherche/maison-et-appartement/a-vendre?countries=BE&orderBy=cheapest&postalCodes=BE-1200&page=5
32,https://www.immoweb.be/fr/recherche/maison-et-appartement/a-vendre?countries=BE&orderBy=cheapest&postalCodes=BE-1180&page=4
33,https://www.immoweb.be/fr/recherche/maison-et-appartement/a-vendre?countries=BE&orderBy=cheapest&postalCodes=BE-1120&page=3
34,https://www.immoweb.be/fr/recherche/maison-et-appartement/a-vendre?countries=BE&orderBy=cheapest&postalCodes=BE-1006&page=1
35,https://www.immoweb.be/fr/recherche/maison-et-appartement/a-vendre?countries=BE&orderBy=cheapest&postalCodes=BE-1090&page=1
36,https://www.immoweb.be/fr/recherche/maison-et-appartement/a-vendre?countries=BE&orderBy=cheapest&postalCodes=BE-1430&page=1
37,https://www.immoweb.be/fr/recherche/maison-et-appartement/a-vendre?countries=BE&orderBy=cheapest&postalCodes=BE-1040&page=2
38,https://www.immoweb.be/fr/recherche/maison-et-appartement/a-vendre?countries=BE&orderBy=cheapest&postalCodes=BE-1180&page=23
39,https://www.immoweb.be/fr/recherche/maison-et-appartement/a-vendre?countries=BE&orderBy=cheapest&postalCodes=BE-1030&page=13
40,https://www.immoweb.be/fr/recherche/maison-et-appartement/a-vendre?countries=BE&orderBy=cheapest&postalCodes=BE-1140&page=6
41,https://www.immoweb.be/fr/recherche/maison-et-appartement/a-vendre?countries=BE&orderBy=cheapest&postalCodes=BE-1050&page=18
42,https://www.immoweb.be/fr/recherche/maison-et-appartement/a-vendre?countries=BE&orderBy=cheapest&postalCodes=BE-1070&page=16
43,https://www.immoweb.be/fr/recherche/maison-et-appartement/a-vendre?countries=BE&orderBy=cheapest&postalCodes=BE-1031&page=2
44,https://www.immoweb.be/fr/recherche/maison-et-appartement/a-vendre?countries=BE&orderBy=cheapest&postalCodes=BE-1050&page=16
45,https://www.immoweb.be/fr/recherche/maison-et-appartement/a-vendre?countries=BE&orderBy=cheapest&postalCodes=BE-1180&page=5
46,https://www.immoweb.be/fr/recherche/maison-et-appartement/a-vendre?countries=BE&orderBy=cheapest&postalCodes=BE-1009&page=2
47,https://www.immoweb.be/fr/recherche/maison-et-appartement/a-vendre?countries=BE&orderBy=cheapest&postalCodes=BE-1099&page=1
48,https://www.immoweb.be/fr/recherche/maison-et-appartement/a-vendre?countries=BE&orderBy=cheapest&postalCodes=BE-1140&page=7
49,https://www.immoweb.be/fr/recherche/maison-et-appartement/a-vendre?countries=BE&orderBy=cheapest&postalCodes=BE-1081&page=4
50,https://www.immoweb.be/fr/recherche/maison-et-appartement/a-vendre?countries=BE&orderBy=cheapest&postalCodes=BE-1190&page=6
51,https://www.immoweb.be/fr/recherche/maison-et-appartement/a-vendre?countries=BE&orderBy=cheapest&postalCodes=BE-1050&page=6
52,https://www.immoweb.be/fr/recherche/maison-et-appartement/a-vendre?countries=BE&orderBy=cheapest&postalCodes=BE-1180&page=20
53,https://www.immoweb.be/fr/recherche/maison-et-appartement/a-vendre?countries=BE&orderBy=cheapest&postalCodes=BE-1070&page=9
54,https://www.immoweb.be/fr/recherche/maison-et-appartement/a-vendre?countries=BE&orderBy=cheapest&postalCodes=BE-1160&page=4
55,https://www.immoweb.be/fr/recherche/maison-et-appartement/a-vendre?countries=BE&orderBy=cheapest&postalCodes=BE-1041&page=1
56,https://www.immoweb.be/fr/recherche/maison-et-appartement/a-vendre?countries=BE&orderBy=cheapest&postalCodes=BE-1050&page=4
57,https://www.immoweb.be/fr/recherche/maison-et-appartement/a-vendre?countries=BE&orderBy=cheapest&postalCodes=BE-1040&page=8
58,https://www.immoweb.be/fr/recherche/maison-et-appartement/a-vendre?countries=BE&orderBy=cheapest&postalCodes=BE-1000&page=15
59,https://www.immoweb.be/fr/recherche/maison-et-appartement/a-vendre?countries=BE&orderBy=cheapest&postalCodes=BE-1041&page=2
60,https://www.immoweb.be/fr/recherche/maison-et-appartement/a-vendre?countries=BE&orderBy=cheapest&postalCodes=BE-1080&page=10
61,https://www.immoweb.be/fr/recherche/maison-et-appartement/a-vendre?countries=BE&orderBy=cheapest&postalCodes=BE-1000&page=5
62,https://www.immoweb.be/fr/recherche/maison-et-appartement/a-vendre?countries=BE&orderBy=cheapest&postalCodes=BE-1000&page=12
63,https://www.immoweb.be/fr/recherche/maison-et-appartement/a-vendre?countries=BE&orderBy=cheapest&postalCodes=BE-1020&page=3
64,https://www.immoweb.be/fr/recherche/maison-et-appartement/a-vendre?countries=BE&orderBy=cheapest&postalCodes=BE-1030&page=10
65,https://www.immoweb.be/fr/recherche/maison-et-appartement/a-vendre?countries=BE&orderBy=cheapest&postalCodes=BE-1180&page=13
66,https://www.immoweb.be/fr/recherche/maison-et-appartement/a-vendre?countries=BE&orderBy=cheapest&postalCodes=BE-1130&page=1
67,https://www.immoweb.be/fr/recherche/maison-et-appartement/a-vendre?countries=BE&orderBy=cheapest&postalCodes=BE-1315&page=1
68,https://www.immoweb.be/fr/recherche/maison-et-appartement/a-vendre?countries=BE&orderBy=cheapest&postalCodes=BE-1050&page=13
69,https://www.immoweb.be/fr/recherche/maison-et-appartement/a-vendre?countries=BE&orderBy=cheapest&postalCodes=BE-1180&page=17
70,https://www.immoweb.be/fr/recherche/maison-et-appartement/a-vendre?countries=BE&orderBy=cheapest&postalCodes=BE-1180&page=9
71,https://www.immoweb.be/fr/recherche/maison-et-appartement/a-vendre?countries=BE&orderBy=cheapest&postalCodes=BE-1030&page=8
72,https://www.immoweb.be/fr/recherche/maison-et-appartement/a-vendre?countries=BE&orderBy=cheapest&postalCodes=BE-1060&page=6
73,https://www.immoweb.be/fr/recherche/maison-et-appartement/a-vendre?countries=BE&orderBy=cheapest&postalCodes=BE-1008&page=1
74,https://www.immoweb.be/fr/recherche/maison-et-appartement/a-vendre?countries=BE&orderBy=cheapest&postalCodes=BE-1300&page=3
75,https://www.immoweb.be/fr/recherche/maison-et-appartement/a-vendre?countries=BE&orderBy=cheapest&postalCodes=BE-1180&page=12
76,https://www.immoweb.be/fr/recherche/maison-et-appartement/a-vendre?countries=BE&orderBy=cheapest&postalCodes=BE-1150&page=6
77,https://www.immoweb.be/fr/recherche/maison-et-appartement/a-vendre?countries=BE&orderBy=cheapest&postalCodes=BE-1341&page=1
78,https://www.immoweb.be/fr/recherche/maison-et-appartement/a-vendre?countries=BE&orderBy=cheapest&postalCodes=BE-1404&page=1
79,https://www.immoweb.be/fr/recherche/maison-et-appartement/a-vendre?countries=BE&orderBy=cheapest&postalCodes=BE-1070&page=17
80,https://www.immoweb.be/fr/recherche/maison-et-appartement/a-vendre?countries=BE&orderBy=cheapest&postalCodes=BE-1005&page=1
81,https://www.immoweb.be/fr/recherche/maison-et-appartement/a-vendre?countries=BE&orderBy=cheapest&postalCodes=BE-1080&page=13
82,https://www.immoweb.be/fr/recherche/maison-et-appartement/a-vendre?countries=BE&orderBy=cheapest&postalCodes=BE-1000&page=22
83,https://www.immoweb.be/fr/recherche/maison-et-appartement/a-vendre?countries=BE&orderBy=cheapest&postalCodes=BE-1300&page=5
84,https://www.immoweb.be/fr/recherche/maison-et-appartement/a-vendre?countries=BE&orderBy=cheapest&postalCodes=BE-1180&page=7
85,https://www.immoweb.be/fr/recherche/maison-et-appartement/a-vendre?countries=BE&orderBy=cheapest&postalCodes=BE-1050&page=22
86,https://www.immoweb.be/fr/recherche/maison-et-appartement/a-vendre?countries=BE&orderBy=cheapest&postalCodes=BE-1080&page=7
87,https://www.immoweb.be/fr/recherche/maison-et-appartement/a-vendre?countries=BE&orderBy=cheapest&postalCodes=BE-1060&page=7
88,https://www.immoweb.be/fr/recherche/maison-et-appartement/a-vendre?countries=BE&orderBy=cheapest&postalCodes=BE-1180&page=24
89,https://www.immoweb.be/fr/recherche/maison-et-appartement/a-vendre?countries=BE&orderBy=cheapest&postalCodes=BE-1080&page=8
90,https://www.immoweb.be/fr/recherche/maison-et-appartement/a-vendre?countries=BE&orderBy=cheapest&postalCodes=BE-1401&page=1
91,https://www.immoweb.be/fr/recherche/maison-et-appartement/a-vendre?countries=BE&orderBy=cheapest&postalCodes=BE-1020&page=6
92,https://www.immoweb.be/fr/recherche/maison-et-appartement/a-vendre?countries=BE&orderBy=cheapest&postalCodes=BE-1082&page=2
93,https://www.immoweb.be/fr/recherche/maison-et-appartement/a-vendre?countries=BE&orderBy=cheapest&postalCodes=BE-1428&page=1
94,https://www.immoweb.be/fr/recherche/maison-et-appartement/a-vendre?countries=BE&orderBy=cheapest&postalCodes=BE-1030&page=17
95,https://www.immoweb.be/fr/recherche/maison-et-appartement/a-vendre?countries=BE&orderBy=cheapest&postalCodes=BE-1080&page=6
96,https://www.immoweb.be/fr/recherche/maison-et-appartement/a-vendre?countries=BE&orderBy=cheapest&postalCodes=BE-1030&page=9
97,https://www.immoweb.be/fr/recherche/maison-et-appartement/a-vendre?countries=BE&orderBy=cheapest&postalCodes=BE-1083&page=2
98,https://www.immoweb.be/fr/recherche/maison-et-appartement/a-vendre?countries=BE&orderBy=cheapest&postalCodes=BE-1180&page=10
99,https://www.immoweb.be/fr/recherche/maison-et-appartement/a-vendre?countries=BE&orderBy=cheapest&postalCodes=BE-1000&page=19
100,https://www.immoweb.be/fr/recherche/maison-et-appartement/a-vendre?countries=BE&orderBy=cheapest&postalCodes=BE-1070&page=14
101,https://www.immoweb.be/fr/recherche/maison-et-appartement/a-vendre?countries=BE&orderBy=cheapest&postalCodes=BE-1030&page=12
102,https://www.immoweb.be/fr/recherche/maison-et-appartement/a-vendre?countries=BE&orderBy=cheapest&postalCodes=BE-1435&page=1
103,https://www.immoweb.be/fr/recherche/maison-et-appartement/a-vendre?countries=BE&orderBy=cheapest&postalCodes=BE-1090&page=4
104,https://www.immoweb.be/fr/recherche/maison-et-appartement/a-vendre?countries=BE&orderBy=cheapest&postalCodes=BE-1180&page=3
105,https://www.immoweb.be/fr/recherche/maison-et-appartement/a-vendre?countries=BE&orderBy=cheapest&postalCodes=BE-1000&page=26
106,https://www.immoweb.be/fr/recherche/maison-et-appartement/a-vendre?countries=BE&orderBy=cheapest&postalCodes=BE-1400&page=1
107,https://www.immoweb.be/fr/recherche/maison-et-appartement/a-vendre?countries=BE&orderBy=cheapest&postalCodes=BE-1350&page=1
108,https://www.immoweb.be/fr/recherche/maison-et-appartement/a-vendre?countries=BE&orderBy=cheapest&postalCodes=BE-1180&page=6
109,https://www.immoweb.be/fr/recherche/maison-et-appartement/a-vendre?countries=BE&orderBy=cheapest&postalCodes=BE-1421&page=1
110,https://www.immoweb.be/fr/recherche/maison-et-appartement/a-vendre?countries=BE&orderBy=cheapest&postalCodes=BE-1410&page=1
111,https://www.immoweb.be/fr/recherche/maison-et-appartement/a-vendre?countries=BE&orderBy=cheapest&postalCodes=BE-1300&page=1
112,https://www.immoweb.be/fr/recherche/maison-et-appartement/a-vendre?countries=BE&orderBy=cheapest&postalCodes=BE-1083&page=4
113,https://www.immoweb.be/fr/recherche/maison-et-appartement/a-vendre?countries=BE&orderBy=cheapest&postalCodes=BE-1070&page=10
114,https://www.immoweb.be/fr/recherche/maison-et-appartement/a-vendre?countries=BE&orderBy=cheapest&postalCodes=BE-1046&page=1
115,https://www.immoweb.be/fr/recherche/maison-et-appartement/a-vendre?countries=BE&orderBy=cheapest&postalCodes=BE-1033&page=2
116,https://www.immoweb.be/fr/recherche/maison-et-appartement/a-vendre?countries=BE&orderBy=cheapest&postalCodes=BE-1011&page=2
117,https://www.immoweb.be/fr/recherche/maison-et-appartement/a-vendre?countries=BE&orderBy=cheapest&postalCodes=BE-1190&page=1
118,https://www.immoweb.be/fr/recherche/maison-et-appartement/a-vendre?countries=BE&orderBy=cheapest&postalCodes=BE-1180&page=19
119,https://www.immoweb.be/fr/recherche/maison-et-appartement/a-vendre?countries=BE&orderBy=cheapest&postalCodes=BE-1030&page=11
120,https://www.immoweb.be/fr/recherche/maison-et-appartement/a-vendre?countries=BE&orderBy=cheapest&postalCodes=BE-1050&page=14
121,https://www.immoweb.be/fr/recherche/maison-et-appartement/a-vendre?countries=BE&orderBy=cheapest&postalCodes=BE-1035&page=2
122,https://www.immoweb.be/fr/recherche/maison-et-appartement/a-vendre?countries=BE&orderBy=cheapest&postalCodes=BE-1080&page=1
123,https://www.immoweb.be/fr/recherche/maison-et-appartement/a-vendre?countries=BE&orderBy=cheapest&postalCodes=BE-1060&page=1
124,https://www.immoweb.be/fr/recherche/maison-et-appartement/a-vendre?countries=BE&orderBy=cheapest&postalCodes=BE-1081&page=3
125,https://www.immoweb.be/fr/recherche/maison-et-appartement/a-vendre?countries=BE&orderBy=cheapest&postalCodes=BE-1000&page=3
126,https://www.immoweb.be/fr/recherche/maison-et-appartement/a-vendre?countries=BE&orderBy=cheapest&postalCodes=BE-1031&page=1
127,https://www.immoweb.be/fr/recherche/maison-et-appartement/a-vendre?countries=BE&orderBy=cheapest&postalCodes=BE-1367&page=1
128,https://www.immoweb.be/fr/recherche/maison-et-appartement/a-vendre?countries=BE&orderBy=cheapest&postalCodes=BE-1101&page=1
129,https://www.immoweb.be/fr/recherche/maison-et-appartement/a-vendre?countries=BE&orderBy=cheapest&postalCodes=BE-1330&page=1
130,https://www.immoweb.be/fr/recherche/maison-et-appartement/a-vendre?countries=BE&orderBy=cheapest&postalCodes=BE-1190&page=5
131,https://www.immoweb.be/fr/recherche/maison-et-appartement/a-vendre?countries=BE&orderBy=cheapest&postalCodes=BE-1000&page=14
132,https://www.immoweb.be/fr/recherche/maison-et-appartement/a-vendre?countries=BE&orderBy=cheapest&postalCodes=BE-1082&page=3
133,https://www.immoweb.be/fr/recherche/maison-et-appartement/a-vendre?countries=BE&orderBy=cheapest&postalCodes=BE-1190&page=2
134,https://www.immoweb.be/fr/recherche/maison-et-appartement/a-vendre?countries=BE&orderBy=cheapest&postalCodes=BE-1120&page=1
135,https://www.immoweb.be/fr/recherche/maison-et-appartement/a-vendre?countries=BE&orderBy=cheapest&postalCodes=BE-1082&page=1
136,https://www.immoweb.be/fr/recherche/maison-et-appartement/a-vendre?countries=BE&orderBy=cheapest&postalCodes=BE-1090&page=5
137,https://www.immoweb.be/fr/recherche/maison-et-appartement/a-vendre?countries=BE&orderBy=cheapest&postalCodes=BE-1150&page=5
138,https://www.immoweb.be/fr/recherche/maison-et-appartement/a-vendre?countries=BE&orderBy=cheapest&postalCodes=BE-1200&page=3
139,https://www.immoweb.be/fr/recherche/maison-et-appartement/a-vendre?countries=BE&orderBy=cheapest&postalCodes=BE-1040&page=5
140,https://www.immoweb.be/fr/recherche/maison-et-appartement/a-vendre?countries=BE&orderBy=cheapest&postalCodes=BE-1083&page=3
141,https://www.immoweb.be/fr/recherche/maison-et-appartement/a-vendre?countries=BE&orderBy=cheapest&postalCodes=BE-1012&page=1
142,https://www.immoweb.be/fr/recherche/maison-et-appartement/a-vendre?countries=BE&orderBy=cheapest&postalCodes=BE-1060&page=3
143,https://www.immoweb.be/fr/recherche/maison-et-appartement/a-vendre?countries=BE&orderBy=cheapest&postalCodes=BE-1081&page=1
144,https://www.immoweb.be/fr/recherche/maison-et-appartement/a-vendre?countries=BE&orderBy=cheapest&postalCodes=BE-1342&page=1
145,https://www.immoweb.be/fr/recherche/maison-et-appartement/a-vendre?countries=BE&orderBy=cheapest&postalCodes=BE-1100&page=1
146,https://www.immoweb.be/fr/recherche/maison-et-appartement/a-vendre?countries=BE&orderBy=cheapest&postalCodes=BE-1020&page=5
147,https://www.immoweb.be/fr/recherche/maison-et-appartement/a-vendre?countries=BE&orderBy=cheapest&postalCodes=BE-1180&page=14
148,https://www.immoweb.be/fr/recherche/maison-et-appartement/a-vendre?countries=BE&orderBy=cheapest&postalCodes=BE-1212&page=1
149,https://www.immoweb.be/fr/recherche/maison-et-appartement/a-vendre?countries=BE&orderBy=cheapest&postalCodes=BE-1090&page=2
150,https://www.immoweb.be/fr/recherche/maison-et-appartement/a-vendre?countries=BE&orderBy=cheapest&postalCodes=BE-1030&page=15
151,https://www.immoweb.be/fr/recherche/maison-et-appartement/a-vendre?countries=BE&orderBy=cheapest&postalCodes=BE-1070&page=6
152,https://www.immoweb.be/fr/recherche/maison-et-appartement/a-vendre?countries=BE&orderBy=cheapest&postalCodes=BE-1360&page=1
153,https://www.immoweb.be/fr/recherche/maison-et-appartement/a-vendre?countries=BE&orderBy=cheapest&postalCodes=BE-1030&page=1
154,https://www.immoweb.be/fr/recherche/maison-et-appartement/a-vendre?countries=BE&orderBy=cheapest&postalCodes=BE-1180&page=11
155,https://www.immoweb.be/fr/recherche/maison-et-appartement/a-vendre?countries=BE&orderBy=cheapest&postalCodes=BE-1331&page=1
156,https://www.immoweb.be/fr/recherche/maison-et-appartement/a-vendre?countries=BE&orderBy=cheapest&postalCodes=BE-1083&page=5
157,https://www.immoweb.be/fr/recherche/maison-et-appartement/a-vendre?countries=BE&orderBy=cheapest&postalCodes=BE-1190&page=8
158,https://www.immoweb.be/fr/recherche/maison-et-appartement/a-vendre?countries=BE&orderBy=cheapest&postalCodes=BE-1140&page=2
159,https://www.immoweb.be/fr/recherche/maison-et-appartement/a-vendre?countries=BE&orderBy=cheapest&postalCodes=BE-1050&page=7
160,https://www.immoweb.be/fr/recherche/maison-et-appartement/a-vendre?countries=BE&orderBy=cheapest&postalCodes=BE-1050&page=8
161,https://www.immoweb.be/fr/recherche/maison-et-appartement/a-vendre?countries=BE&orderBy=cheapest&postalCodes=BE-1000&page=2
162,https://www.immoweb.be/fr/recherche/maison-et-appartement/a-vendre?countries=BE&orderBy=cheapest&postalCodes=BE-1370&page=1
163,https://www.immoweb.be/fr/recherche/maison-et-appartement/a-vendre?countries=BE&orderBy=cheapest&postalCodes=BE-1000&page=1
164,https://www.immoweb.be/fr/recherche/maison-et-appartement/a-vendre?countries=BE&orderBy=cheapest&postalCodes=BE-1047&page=2
165,https://www.immoweb.be/fr/recherche/maison-et-appartement/a-vendre?countries=BE&orderBy=cheapest&postalCodes=BE-1080&page=12
166,https://www.immoweb.be/fr/recherche/maison-et-appartement/a-vendre?countries=BE&orderBy=cheapest&postalCodes=BE-1040&page=3
167,https://www.immoweb.be/fr/recherche/maison-et-appartement/a-vendre?countries=BE&orderBy=cheapest&postalCodes=BE-1332&page=1
168,https://www.immoweb.be/fr/recherche/maison-et-appartement/a-vendre?countries=BE&orderBy=cheapest&postalCodes=BE-1030&page=7
169,https://www.immoweb.be/fr/recherche/maison-et-appartement/a-vendre?countries=BE&orderBy=cheapest&postalCodes=BE-1170&page=1
170,https://www.immoweb.be/fr/recherche/maison-et-appartement/a-vendre?countries=BE&orderBy=cheapest&postalCodes=BE-1390&page=1
171,https://www.immoweb.be/fr/recherche/maison-et-appartement/a-vendre?countries=BE&orderBy=cheapest&postalCodes=BE-1301&page=1
172,https://www.immoweb.be/fr/recherche/maison-et-appartement/a-vendre?countries=BE&orderBy=cheapest&postalCodes=BE-1080&page=5
173,https://www.immoweb.be/fr/recherche/maison-et-appartement/a-vendre?countries=BE&orderBy=cheapest&postalCodes=BE-1050&page=21
174,https://www.immoweb.be/fr/recherche/maison-et-appartement/a-vendre?countries=BE&orderBy=cheapest&postalCodes=BE-1160&page=2
175,https://www.immoweb.be/fr/recherche/maison-et-appartement/a-vendre?countries=BE&orderBy=cheapest&postalCodes=BE-1180&page=25
176,https://www.immoweb.be/fr/recherche/maison-et-appartement/a-vendre?countries=BE&orderBy=cheapest&postalCodes=BE-1050&page=10
177,https://www.immoweb.be/fr/recherche/maison-et-appartement/a-vendre?countries=BE&orderBy=cheapest&postalCodes=BE-1380&page=1
178,https://www.immoweb.be/fr/recherche/maison-et-appartement/a-vendre?countries=BE&orderBy=cheapest&postalCodes=BE-1000&page=21
179,https://www.immoweb.be/fr/recherche/maison-et-appartement/a-vendre?countries=BE&orderBy=cheapest&postalCodes=BE-1000&page=25
180,https://www.immoweb.be/fr/recherche/maison-et-appartement/a-vendre?countries=BE&orderBy=cheapest&postalCodes=BE-1040&page=4
181,https://www.immoweb.be/fr/recherche/maison-et-appartement/a-vendre?countries=BE&orderBy=cheapest&postalCodes=BE-1050&page=5
182,https://www.immoweb.be/fr/recherche/maison-et-appartement/a-vendre?countries=BE&orderBy=cheapest&postalCodes=BE-1130&page=2
183,https://www.immoweb.be/fr/recherche/maison-et-appartement/a-vendre?countries=BE&orderBy=cheapest&postalCodes=BE-1200&page=8
184,https://www.immoweb.be/fr/recherche/maison-et-appartement/a-vendre?countries=BE&orderBy=cheapest&postalCodes=BE-1033&page=1
185,https://www.immoweb.be/fr/recherche/maison-et-appartement/a-vendre?countries=BE&orderBy=cheapest&postalCodes=BE-1140&page=8
186,https://www.immoweb.be/fr/recherche/maison-et-appartement/a-vendre?countries=BE&orderBy=cheapest&postalCodes=BE-1030&page=2
187,https://www.immoweb.be/fr/recherche/maison-et-appartement/a-vendre?countries=BE&orderBy=cheapest&postalCodes=BE-1050&page=9
188,https://www.immoweb.be/fr/recherche/maison-et-appartement/a-vendre?countries=BE&orderBy=cheapest&postalCodes=BE-1190&page=7
189,https://www.immoweb.be/fr/recherche/maison-et-appartement/a-vendre?countries=BE&orderBy=cheapest&postalCodes=BE-1009&page=1
190,https://www.immoweb.be/fr/recherche/maison-et-appartement/a-vendre?countries=BE&orderBy=cheapest&postalCodes=BE-1200&page=6
191,https://www.immoweb.be/fr/recherche/maison-et-appartement/a-vendre?countries=BE&orderBy=cheapest&postalCodes=BE-1060&page=2
192,https://www.immoweb.be/fr/recherche/maison-et-appartement/a-vendre?countries=BE&orderBy=cheapest&postalCodes=BE-1120&page=4
193,https://www.immoweb.be/fr/recherche/maison-et-appartement/a-vendre?countries=BE&orderBy=cheapest&postalCodes=BE-1150&page=7
194,https://www.immoweb.be/fr/recherche/maison-et-appartement/a-vendre?countries=BE&orderBy=cheapest&postalCodes=BE-1000&page=16
195,https://www.immoweb.be/fr/recherche/maison-et-appartement/a-vendre?countries=BE&orderBy=cheapest&postalCodes=BE-1070&page=2
196,https://www.immoweb.be/fr/recherche/maison-et-appartement/a-vendre?countries=BE&orderBy=cheapest&postalCodes=BE-1007&page=2
197,https://www.immoweb.be/fr/recherche/maison-et-appartement/a-vendre?countries=BE&orderBy=cheapest&postalCodes=BE-1050&page=3
198,https://www.immoweb.be/fr/recherche/maison-et-appartement/a-vendre?countries=BE&orderBy=cheapest&postalCodes=BE-1140&page=4
199,https://www.immoweb.be/fr/recherche/maison-et-appartement/a-vendre?countries=BE&orderBy=cheapest&postalCodes=BE-1040&page=7
200,https://www.immoweb.be/fr/recherche/maison-et-appartement/a-vendre?countries=BE&orderBy=cheapest&postalCodes=BE-1090&page=8
201,https://www.immoweb.be/fr/recherche/maison-et-appartement/a-vendre?countries=BE&orderBy=cheapest&postalCodes=BE-1050&page=11
202,https://www.immoweb.be/fr/recherche/maison-et-appartement/a-vendre?countries=BE&orderBy=cheapest&postalCodes=BE-1105&page=1
203,https://www.immoweb.be/fr/recherche/maison-et-appartement/a-vendre?countries=BE&orderBy=cheapest&postalCodes=BE-1070&page=3
204,https://www.immoweb.be/fr/recherche/maison-et-appartement/a-vendre?countries=BE&orderBy=cheapest&postalCodes=BE-1000&page=24
205,https://www.immoweb.be/fr/recherche/maison-et-appartement/a-vendre?countries=BE&orderBy=cheapest&postalCodes=BE-1030&page=5
206,https://www.immoweb.be/fr/recherche/maison-et-appartement/a-vendre?countries=BE&orderBy=cheapest&postalCodes=BE-1070&page=4
207,https://www.immoweb.be/fr/recherche/maison-et-appartement/a-vendre?countries=BE&orderBy=cheapest&postalCodes=BE-1081&page=2
208,https://www.immoweb.be/fr/recherche/maison-et-appartement/a-vendre?countries=BE&orderBy=cheapest&postalCodes=BE-1080&page=11
209,https://www.immoweb.be/fr/recherche/maison-et-appartement/a-vendre?countries=BE&orderBy=cheapest&postalCodes=BE-1300&page=2
210,https://www.immoweb.be/fr/recherche/maison-et-appartement/a-vendre?countries=BE&orderBy=cheapest&postalCodes=BE-1035&page=1
211,https://www.immoweb.be/fr/recherche/maison-et-appartement/a-vendre?countries=BE&orderBy=cheapest&postalCodes=BE-1080&page=9
212,https://www.immoweb.be/fr/recherche/maison-et-appartement/a-vendre?countries=BE&orderBy=cheapest&postalCodes=BE-1310&page=1
213,https://www.immoweb.be/fr/recherche/maison-et-appartement/a-vendre?countries=BE&orderBy=cheapest&postalCodes=BE-1210&page=1
214,https://www.immoweb.be/fr/recherche/maison-et-appartement/a-vendre?countries=BE&orderBy=cheapest&postalCodes=BE-1008&page=2
215,https://www.immoweb.be/fr/recherche/maison-et-appartement/a-vendre?countries=BE&orderBy=cheapest&postalCodes=BE-1082&page=5
216,https://www.immoweb.be/fr/recherche/maison-et-appartement/a-vendre?countries=BE&orderBy=cheapest&postalCodes=BE-1048&page=1
217,https://www.immoweb.be/fr/recherche/maison-et-appartement/a-vendre?countries=BE&orderBy=cheapest&postalCodes=BE-1090&page=3
218,https://www.immoweb.be/fr/recherche/maison-et-appartement/a-vendre?countries=BE&orderBy=cheapest&postalCodes=BE-1160&page=5
219,https://www.immoweb.be/fr/recherche/maison-et-appartement/a-vendre?countries=BE&orderBy=cheapest&postalCodes=BE-1040&page=6
220,https://www.immoweb.be/fr/recherche/maison-et-appartement/a-vendre?countries=BE&orderBy=cheapest&postalCodes=BE-1044&page=2
221,https://www.immoweb.be/fr/recherche/maison-et-appartement/a-vendre?countries=BE&orderBy=cheapest&postalCodes=BE-1050&page=1
222,https://www.immoweb.be/fr/recherche/maison-et-appartement/a-vendre?countries=BE&orderBy=cheapest&postalCodes=BE-1000&page=6
223,https://www.immoweb.be/fr/recherche/maison-et-appartement/a-vendre?countries=BE&orderBy=cheapest&postalCodes=BE-1081&page=6
224,https://www.immoweb.be/fr/recherche/maison-et-appartement/a-vendre?countries=BE&orderBy=cheapest&postalCodes=BE-1060&page=9
225,https://www.immoweb.be/fr/recherche/maison-et-appartement/a-vendre?countries=BE&orderBy=cheapest&postalCodes=BE-1000&page=23
226,https://www.immoweb.be/fr/recherche/maison-et-appartement/a-vendre?countries=BE&orderBy=cheapest&postalCodes=BE-1200&page=9
227,https://www.immoweb.be/fr/recherche/maison-et-appartement/a-vendre?countries=BE&orderBy=cheapest&postalCodes=BE-1180&page=16
228,https://www.immoweb.be/fr/recherche/maison-et-appartement/a-vendre?countries=BE&orderBy=cheapest&postalCodes=BE-1080&page=3
229,https://www.immoweb.be/fr/recherche/maison-et-appartement/a-vendre?countries=BE&orderBy=cheapest&postalCodes=BE-612&page=2
230,https://www.immoweb.be/fr/recherche/maison-et-appartement/a-vendre?countries=BE&orderBy=cheapest&postalCodes=BE-1000&page=13
231,https://www.immoweb.be/fr/recherche/maison-et-appartement/a-vendre?countries=BE&orderBy=cheapest&postalCodes=BE-1040&page=10
232,https://www.immoweb.be/fr/recherche/maison-et-appartement/a-vendre?countries=BE&orderBy=cheapest&postalCodes=BE-1210&page=3
233,https://www.immoweb.be/fr/recherche/maison-et-appartement/a-vendre?countries=BE&orderBy=cheapest&postalCodes=BE-1046&page=2
234,https://www.immoweb.be/fr/recherche/maison-et-appartement/a-vendre?countries=BE&orderBy=cheapest&postalCodes=BE-1081&page=5
235,https://www.immoweb.be/fr/recherche/maison-et-appartement/a-vendre?countries=BE&orderBy=cheapest&postalCodes=BE-1007&page=1
236,https://www.immoweb.be/fr/recherche/maison-et-appartement/a-vendre?countries=BE&orderBy=cheapest&postalCodes=BE-1090&page=7
237,https://www.immoweb.be/fr/recherche/maison-et-appartement/a-vendre?countries=BE&orderBy=cheapest&postalCodes=BE-1050&page=15
238,https://www.immoweb.be/fr/recherche/maison-et-appartement/a-vendre?countries=BE&orderBy=cheapest&postalCodes=BE-1083&page=1
239,https://www.immoweb.be/fr/recherche/maison-et-appartement/a-vendre?countries=BE&orderBy=cheapest&postalCodes=BE-1044&page=1
240,https://www.immoweb.be/fr/recherche/maison-et-appartement/a-vendre?countries=BE&orderBy=cheapest&postalCodes=BE-1070&page=15
241,https://www.immoweb.be/fr/recherche/maison-et-appartement/a-vendre?countries=BE&orderBy=cheapest&postalCodes=BE-1180&page=1
242,https://www.immoweb.be/fr/recherche/maison-et-appartement/a-vendre?countries=BE&orderBy=cheapest&postalCodes=BE-1200&page=7
243,https://www.immoweb.be/fr/recherche/maison-et-appartement/a-vendre?countries=BE&orderBy=cheapest&postalCodes=BE-1070&page=11
244,https://www.immoweb.be/fr/recherche/maison-et-appartement/a-vendre?countries=BE&orderBy=cheapest&postalCodes=BE-1420&page=1
245,https://www.immoweb.be/fr/recherche/maison-et-appartement/a-vendre?countries=BE&orderBy=cheapest&postalCodes=BE-1140&page=5
246,https://www.immoweb.be/fr/recherche/maison-et-appartement/a-vendre?countries=BE&orderBy=cheapest&postalCodes=BE-1170&page=2
247,https://www.immoweb.be/fr/recherche/maison-et-appartement/a-vendre?countries=BE&orderBy=cheapest&postalCodes=BE-1050&page=17
248,https://www.immoweb.be/fr/recherche/maison-et-appartement/a-vendre?countries=BE&orderBy=cheapest&postalCodes=BE-1000&page=20
249,https://www.immoweb.be/fr/recherche/maison-et-appartement/a-vendre?countries=BE&orderBy=cheapest&postalCodes=BE-1070&page=13
250,https://www.immoweb.be/fr/recherche/maison-et-appartement/a-vendre?countries=BE&orderBy=cheapest&postalCodes=BE-1200&page=4
251,https://www.immoweb.be/fr/recherche/maison-et-appartement/a-vendre?countries=BE&orderBy=cheapest&postalCodes=BE-1180&page=15
252,https://www.immoweb.be/fr/recherche/maison-et-appartement/a-vendre?countries=BE&orderBy=cheapest&postalCodes=BE-1060&page=4
253,https://www.immoweb.be/fr/recherche/maison-et-appartement/a-vendre?countries=BE&orderBy=cheapest&postalCodes=BE-1005&page=2
254,https://www.immoweb.be/fr/recherche/maison-et-appartement/a-vendre?countries=BE&orderBy=cheapest&postalCodes=BE-1110&page=1
255,https://www.immoweb.be/fr/recherche/maison-et-appartement/a-vendre?countries=BE&orderBy=cheapest&postalCodes=BE-1080&page=2
256,https://www.immoweb.be/fr/recherche/maison-et-appartement/a-vendre?countries=BE&orderBy=cheapest&postalCodes=BE-1357&page=1
257,https://www.immoweb.be/fr/recherche/maison-et-appartement/a-vendre?countries=BE&orderBy=cheapest&postalCodes=BE-1190&page=4
258,https://www.immoweb.be/fr/recherche/maison-et-appartement/a-vendre?countries=BE&orderBy=cheapest&postalCodes=BE-612&page=3
259,https://www.immoweb.be/fr/recherche/maison-et-appartement/a-vendre?countries=BE&orderBy=cheapest&postalCodes=BE-1000&page=11
260,https://www.immoweb.be/fr/recherche/maison-et-appartement/a-vendre?countries=BE&orderBy=cheapest&postalCodes=BE-1082&page=4
261,https://www.immoweb.be/fr/recherche/maison-et-appartement/a-vendre?countries=BE&orderBy=cheapest&postalCodes=BE-1150&page=4
262,https://www.immoweb.be/fr/recherche/maison-et-appartement/a-vendre?countries=BE&orderBy=cheapest&postalCodes=BE-1070&page=1
263,https://www.immoweb.be/fr/recherche/maison-et-appartement/a-vendre?countries=BE&orderBy=cheapest&postalCodes=BE-1000&page=28
264,https://www.immoweb.be/fr/recherche/maison-et-appartement/a-vendre?countries=BE&orderBy=cheapest&postalCodes=BE-1160&page=3
265,https://www.immoweb.be/fr/recherche/maison-et-appartement/a-vendre?countries=BE&orderBy=cheapest&postalCodes=BE-1048&page=2
266,https://www.immoweb.be/fr/recherche/maison-et-appartement/a-vendre?countries=BE&orderBy=cheapest&postalCodes=BE-1150&page=1
267,https://www.immoweb.be/fr/recherche/maison-et-appartement/a-vendre?countries=BE&orderBy=cheapest&postalCodes=BE-1060&page=5
268,https://www.immoweb.be/fr/recherche/maison-et-appartement/a-vendre?countries=BE&orderBy=cheapest&postalCodes=BE-1200&page=2
269,https://www.immoweb.be/fr/recherche/maison-et-appartement/a-vendre?countries=BE&orderBy=cheapest&postalCodes=BE-1020&page=2
270,https://www.immoweb.be/fr/recherche/maison-et-appartement/a-vendre?countries=BE&orderBy=cheapest&postalCodes=BE-1090&page=6
271,https://www.immoweb.be/fr/recherche/maison-et-appartement/a-vendre?countries=BE&orderBy=cheapest&postalCodes=BE-1012&page=2
272,https://www.immoweb.be/fr/recherche/maison-et-appartement/a-vendre?countries=BE&orderBy=cheapest&postalCodes=BE-1050&page=20
273,https://www.immoweb.be/fr/recherche/maison-et-appartement/a-vendre?countries=BE&orderBy=cheapest&postalCodes=BE-1043&page=2
274,https://www.immoweb.be/fr/recherche/maison-et-appartement/a-vendre?countries=BE&orderBy=cheapest&postalCodes=BE-1083&page=6
275,https://www.immoweb.be/fr/recherche/maison-et-appartement/a-vendre?countries=BE&orderBy=cheapest&postalCodes=BE-1348&page=1
276,https://www.immoweb.be/fr/recherche/maison-et-appartement/a-vendre?countries=BE&orderBy=cheapest&postalCodes=BE-1020&page=4
277,https://www.immoweb.be/fr/recherche/maison-et-appartement/a-vendre?countries=BE&orderBy=cheapest&postalCodes=BE-1210&page=2
278,https://www.immoweb.be/fr/recherche/maison-et-appartement/a-vendre?countries=BE&orderBy=cheapest&postalCodes=BE-1070&page=18
279,https://www.immoweb.be/fr/recherche/maison-et-appartement/a-vendre?countries=BE&orderBy=cheapest&postalCodes=BE-1043&page=1
280,https://www.immoweb.be/fr/recherche/maison-et-appartement/a-vendre?countries=BE&orderBy=cheapest&postalCodes=BE-1070&page=5
281,https://www.immoweb.be/fr/recherche/maison-et-appartement/a-vendre?countries=BE&orderBy=cheapest&postalCodes=BE-1020&page=1
282,https://www.immoweb.be/fr/recherche/maison-et-appartement/a-vendre?countries=BE&orderBy=cheapest&postalCodes=BE-1070&page=7
283,https://www.immoweb.be/fr/recherche/maison-et-appartement/a-vendre?countries=BE&orderBy=cheapest&postalCodes=BE-1000&page=17
284,https://www.immoweb.be/fr/recherche/maison-et-appartement/a-vendre?countries=BE&orderBy=cheapest&postalCodes=BE-1050&page=2
285,https://www.immoweb.be/fr/recherche/maison-et-appartement/a-vendre?countries=BE&orderBy=cheapest&postalCodes=BE-1000&page=8
286,https://www.immoweb.be/fr/recherche/maison-et-appartement/a-vendre?countries=BE&orderBy=cheapest&postalCodes=BE-1099&page=2
287,https://www.immoweb.be/fr/recherche/maison-et-appartement/a-vendre?countries=BE&orderBy=cheapest&postalCodes=BE-1160&page=6
288,https://www.immoweb.be/fr/recherche/maison-et-appartement/a-vendre?countries=BE&orderBy=cheapest&postalCodes=BE-1000&page=4
289,https://www.immoweb.be/fr/recherche/maison-et-appartement/a-vendre?countries=BE&orderBy=cheapest&postalCodes=BE-1040&page=1
290,https://www.immoweb.be/fr/recherche/maison-et-appartement/a-vendre?countries=BE&orderBy=cheapest&postalCodes=BE-1030&page=4
291,https://www.immoweb.be/fr/recherche/maison-et-appartement/a-vendre?countries=BE&orderBy=cheapest&postalCodes=BE-1180&page=2
292,https://www.immoweb.be/fr/recherche/maison-et-appartement/a-vendre?countries=BE&orderBy=cheapest&postalCodes=BE-1011&page=1
293,https://www.immoweb.be/fr/recherche/maison-et-appartement/a-vendre?countries=BE&orderBy=cheapest&postalCodes=BE-1040&page=9
294,https://www.immoweb.be/fr/recherche/maison-et-appartement/a-vendre?countries=BE&orderBy=cheapest&postalCodes=BE-1070&page=8
295,https://www.immoweb.be/fr/recherche/maison-et-appartement/a-vendre?countries=BE&orderBy=cheapest&postalCodes=BE-1340&page=1
296,https://www.immoweb.be/fr/recherche/maison-et-appartement/a-vendre?countries=BE&orderBy=cheapest&postalCodes=BE-1006&page=2
297,https://www.immoweb.be/fr/recherche/maison-et-appartement/a-vendre?countries=BE&orderBy=cheapest&postalCodes=BE-1000&page=10
298,https://www.immoweb.be/fr/recherche/maison-et-appartement/a-vendre?countries=BE&orderBy=cheapest&postalCodes=BE-1030&page=3
299,https://www.immoweb.be/fr/recherche/maison-et-appartement/a-vendre?countries=BE&orderBy=cheapest&postalCodes=BE-1200&page=1
300,https://www.immoweb.be/fr/recherche/maison-et-appartement/a-vendre?countries=BE&orderBy=cheapest&postalCodes=BE-1320&page=1
301,https://www.immoweb.be/fr/recherche/maison-et-appartement/a-vendre?countries=BE&orderBy=cheapest&postalCodes=BE-1150&page=3
