,zipcode,local
0,612,Saint-Nicolas
1,1000,BRUXELLES
2,1005,Assemblée Réunie de la Commission Communautaire
3,1006,Raad van de Vlaamse Gemeenschapscommissie
4,1007,Assemblée de la Commission Communautaire Française
5,1008,Chambre des Représentants
6,1009,Senat de Belgique
7,1011,Vlaams parlement
8,1012,Parlement de la Communauté française
9,1020,Laeken
10,1030,SCHAERBEEK
11,1031,Organisations Sociales Chrétiennes
12,1033,RTL-TVI
13,1035,Ministère de la Région de Bruxelles Capitale
14,1040,ETTERBEEK
15,1041,International Press Center
16,1043,VRT
17,1044,RTBF
18,1046,European External Action Service
19,1047,Parlement Européen
20,1048,Union Européenne - Conseil
21,1049,Union Européenne - Commission
22,1050,IXELLES
23,1060,SAINT-GILLES
24,1070,ANDERLECHT
25,1080,MOLENBEEK-SAINT-JEAN
26,1081,KOEKELBERG
27,1082,BERCHEM-SAINTE-AGATHE
28,1083,GANSHOREN
29,1090,JETTE
30,1099,Bruxelles X
31,1100,Postcheque
32,1101,Scanning
33,1105,ACTISOC
34,1110,OTAN
35,1120,Neder-Over-Heembeek
36,1130,Haren
37,1140,EVERE
38,1150,WOLUWE-SAINT-PIERRE
39,1160,AUDERGHEM
40,1170,WATERMAEL-BOITSFORT
41,1180,UCCLE
42,1190,FOREST
43,1200,WOLUWE-SAINT-LAMBERT
44,1210,SAINT-JOSSE-TEN-NOODE
45,1212,SPF Mobilité
46,1300,WAVRE
47,1300,Limal
48,1301,Bierges
49,1310,LA HULPE
50,1315,Opprebais
51,1315,Glimes
52,1315,Piétrebais
53,1315,Roux-Miroir
54,1315,INCOURT
55,1320,Tourinnes-La-Grosse
56,1320,Hamme-Mille
57,1320,Nodebais
58,1320,BEAUVECHAIN
59,1320,L'Ecluse
60,1325,CHAUMONT-GISTOUX
61,1325,Corroy-Le-Grand
62,1325,Bonlez
63,1325,Longueville
64,1325,Dion-Valmont
65,1330,RIXENSART
66,1331,Rosières
67,1332,Genval
68,1340,OTTIGNIES-LOUVAIN-LA-NEUVE
69,1340,Ottignies
70,1341,Céroux-Mousty
71,1342,Limelette
72,1348,Louvain-La-Neuve
73,1350,Noduwez
74,1350,Folx-Les-Caves
75,1350,Jauche
76,1350,ORP-JAUCHE
77,1350,Enines
78,1350,Marilles
79,1350,Jandrain-Jandrenouille
80,1350,Orp-Le-Grand
81,1357,Neerheylissem
82,1357,Linsmeau
83,1357,Opheylissem
84,1357,HÉLÉCINE
85,1360,Malèves-Sainte-Marie-Wastinnes
86,1360,Thorembais-Saint-Trond
87,1360,Orbais
88,1360,Thorembais-Les-Béguines
89,1360,PERWEZ
90,1367,Grand-Rosière-Hottomont
91,1367,RAMILLIES
92,1367,Bomal
93,1367,Mont-Saint-André
94,1367,Autre-Eglise
95,1367,Gérompont
96,1367,Huppaye
97,1367,Geest-Gérompont-Petit-Rosière
98,1370,Piétrain
99,1370,Saint-Remy-Geest
100,1370,Mélin
101,1370,JODOIGNE
102,1370,Dongelberg
103,1370,Saint-Jean-Geest
104,1370,Zétrud-Lumay
105,1370,Jodoigne-Souveraine
106,1370,Jauchelette
107,1370,Lathuy
108,1380,Maransart
109,1380,Plancenoit
110,1380,Lasne-Chapelle-Saint-Lambert
111,1380,Couture-Saint-Germain
112,1380,LASNE
113,1380,Ohain
114,1390,GREZ-DOICEAU
115,1390,Bossut-Gottechain
116,1390,Biez
117,1390,Nethen
118,1390,Archennes
119,1400,Monstreux
120,1400,NIVELLES
121,1401,Baulers
122,1402,Thines
123,1404,Bornival
124,1410,WATERLOO
125,1420,BRAINE-L'ALLEUD
126,1421,Ophain-Bois-Seigneur-Isaac
127,1428,Lillois-Witterzée
128,1430,REBECQ
129,1430,Rebecq-Rognon
130,1430,Bierghes
131,1430,Quenast
132,1435,Corbais
133,1435,Hévillers
134,1435,MONT-SAINT-GUIBERT
135,1440,Wauthier-Braine
136,1440,BRAINE-LE-CHÂTEAU
137,1450,Cortil-Noirmont
138,1450,CHASTRE
139,1450,Chastre-Villeroux-Blanmont
140,1450,Saint-Géry
141,1450,Gentinnes
142,1457,Tourinnes-Saint-Lambert
143,1457,Walhain-Saint-Paul
144,1457,WALHAIN
145,1457,Nil-Saint-Vincent-Saint-Martin
146,1460,Virginal-Samme
147,1460,ITTRE
148,1461,Haut-Ittre
149,1470,Bousval
150,1470,GENAPPE
151,1470,Baisy-Thy
152,1471,Loupoigne
153,1472,Vieux-Genappe
154,1473,Glabais
155,1474,Ways
156,1476,Houtain-Le-Val
157,1480,Clabecq
158,1480,Oisquercq
159,1480,Saintes
160,1480,TUBIZE
161,1490,COURT-SAINT-ETIENNE
162,1495,Tilly
163,1495,Mellery
164,1495,Marbais
165,1495,Sart-Dames-Avelines
166,1495,VILLERS-LA-VILLE
167,1500,HALLE
168,1501,Buizingen
169,1502,Lembeek
170,1540,HERNE
171,1540,Herfelingen
172,1541,Sint-Pieters-Kapelle
173,1547,BIÉVÈNE
174,1560,HOEILAART
175,1570,Tollembeek
176,1570,GALMAARDEN
177,1570,Vollezele
178,1600,Oudenaken
179,1600,SINT-PIETERS-LEEUW
180,1600,Sint-Laureins-Berchem
181,1601,Ruisbroek
182,1602,Vlezenbeek
183,1620,DROGENBOS
184,1630,LINKEBEEK
185,1640,RHODE-SAINT-GENÈSE
186,1650,BEERSEL
187,1651,Lot
188,1652,Alsemberg
189,1653,Dworp
190,1654,Huizingen
191,1670,PEPINGEN
192,1670,Bogaarden
193,1670,Heikruis
194,1671,Elingen
195,1673,Beert
196,1674,Bellingen
197,1700,Sint-Ulriks-Kapelle
198,1700,Sint-Martens-Bodegem
199,1700,DILBEEK
200,1701,Itterbeek
201,1702,Groot-Bijgaarden
202,1703,Schepdaal
203,1730,Bekkerzeel
204,1730,Mollem
205,1730,Kobbegem
206,1730,ASSE
207,1731,Zellik
208,1731,Relegem
209,1733,HighCo DATA
210,1740,TERNAT
211,1741,Wambeek
212,1742,Sint-Katherina-Lombeek
213,1745,Mazenzele
214,1745,OPWIJK
215,1750,Sint-Martens-Lennik
216,1750,LENNIK
217,1750,Sint-Kwintens-Lennik
218,1750,Gaasbeek
219,1755,Leerbeek
220,1755,GOOIK
221,1755,Kester
222,1755,Oetingen
223,1760,Strijtem
224,1760,ROOSDAAL
225,1760,Onze-Lieve-Vrouw-Lombeek
226,1760,Pamel
227,1761,Borchtlombeek
228,1770,LIEDEKERKE
229,1780,WEMMEL
230,1785,Brussegem
231,1785,MERCHTEM
232,1785,Hamme
233,1790,AFFLIGEM
234,1790,Hekelgem
235,1790,Teralfene
236,1790,Essene
237,1800,VILVOORDE
238,1800,Peutie
239,1804,Cargovil
240,1818,VTM
241,1820,Perk
242,1820,Melsbroek
243,1820,STEENOKKERZEEL
244,1830,MACHELEN
245,1831,Diegem
246,1840,LONDERZEEL
247,1840,Steenhuffel
248,1840,Malderen
249,1850,GRIMBERGEN
250,1851,Humbeek
251,1852,Beigem
252,1853,Strombeek-Bever
253,1860,MEISE
254,1861,Wolvertem
255,1880,Nieuwenrode
256,1880,KAPELLE-OP-DEN-BOS
257,1880,Ramsdonk
258,1910,Berg
259,1910,KAMPENHOUT
260,1910,Nederokkerzeel
261,1910,Buken
262,1930,ZAVENTEM
263,1930,Nossegem
264,1931,Brucargo
265,1932,Sint-Stevens-Woluwe
266,1933,Sterrebeek
267,1934,Office Exchange Brussels Airport Remailing
268,1935,Corporate Village
269,1950,KRAAINEM
270,1970,WEZEMBEEK-OPPEM
271,1980,Eppegem
272,1980,ZEMST
273,1981,Hofstade
274,1982,Weerde
275,1982,Elewijt
276,2000,ANTWERPEN
277,2018,ANTWERPEN
278,2020,ANTWERPEN
279,2030,ANTWERPEN
280,2040,Lillo
281,2040,Zandvliet
282,2040,Berendrecht
283,2040,ANTWERPEN
284,2050,ANTWERPEN
285,2060,ANTWERPEN
286,2070,ZWIJNDRECHT
287,2070,Burcht
288,2099,Antwerpen x
289,2100,Deurne
290,2110,WIJNEGEM
291,2140,Borgerhout
292,2150,BORSBEEK
293,2160,WOMMELGEM
294,2170,Merksem
295,2180,Ekeren
296,2200,Morkhoven
297,2200,Noorderwijk
298,2200,HERENTALS
299,2220,HEIST-OP-DEN-BERG
300,2220,Hallaar
301,2221,Booischot
302,2222,Itegem
303,2222,Wiekevorst
304,2223,Schriek
305,2230,Ramsel
306,2230,HERSELT
307,2235,Westmeerbeek
308,2235,Houtvenne
309,2235,HULSHOUT
310,2240,Viersel
311,2240,Massenhoven
312,2240,ZANDHOVEN
313,2242,Pulderbos
314,2243,Pulle
315,2250,OLEN
316,2260,WESTERLO
317,2260,Tongerlo
318,2260,Zoerle-Parwijs
319,2260,Oevel
320,2270,HERENTHOUT
321,2275,Poederlee
322,2275,LILLE
323,2275,Gierle
324,2275,Wechelderzande
325,2280,GROBBENDONK
326,2288,Bouwel
327,2290,VORSELAAR
328,2300,TURNHOUT
329,2310,RIJKEVORSEL
330,2320,HOOGSTRATEN
331,2321,Meer
332,2322,Minderhout
333,2323,Wortel
334,2328,Meerle
335,2330,MERKSPLAS
336,2340,BEERSE
337,2340,Vlimmeren
338,2350,VOSSELAAR
339,2360,OUD-TURNHOUT
340,2370,ARENDONK
341,2380,RAVELS
342,2381,Weelde
343,2382,Poppel
344,2387,BAARLE-HERTOG
345,2390,Westmalle
346,2390,MALLE
347,2390,Oostmalle
348,2400,MOL
349,2430,LAAKDAL
350,2430,Eindhout
351,2430,Vorst
352,2431,Varendonk
353,2431,Veerle
354,2440,GEEL
355,2450,MEERHOUT
356,2460,Tielen
357,2460,KASTERLEE
358,2460,Lichtaart
359,2470,RETIE
360,2480,DESSEL
361,2490,BALEN
362,2491,Olmen
363,2500,Koningshooikt
364,2500,LIER
365,2520,RANST
366,2520,Emblem
367,2520,Broechem
368,2520,Oelegem
369,2530,BOECHOUT
370,2531,Vremde
371,2540,HOVE
372,2547,LINT
373,2550,Waarloos
374,2550,KONTICH
375,2560,Bevel
376,2560,Kessel
377,2560,NIJLEN
378,2570,DUFFEL
379,2580,PUTTE
380,2580,Beerzel
381,2590,Gestel
382,2590,BERLAAR
383,2600,Berchem
384,2610,Wilrijk
385,2620,HEMIKSEM
386,2627,SCHELLE
387,2630,AARTSELAAR
388,2640,MORTSEL
389,2650,EDEGEM
390,2660,Hoboken
391,2800,Walem
392,2800,MECHELEN
393,2801,Heffen
394,2811,Leest
395,2811,Hombeek
396,2812,Muizen
397,2820,BONHEIDEN
398,2820,Rijmenam
399,2830,Blaasveld
400,2830,Tisselt
401,2830,Heindonk
402,2830,WILLEBROEK
403,2840,RUMST
404,2840,Terhagen
405,2840,Reet
406,2845,NIEL
407,2850,BOOM
408,2860,SINT-KATELIJNE-WAVER
409,2861,Onze-Lieve-Vrouw-Waver
410,2870,Ruisbroek
411,2870,Liezele
412,2870,Breendonk
413,2870,Puurs
414,2870,PUURS-SINT-AMANDS
415,2880,Mariekerke
416,2880,Weert
417,2880,Hingene
418,2880,BORNEM
419,2890,Lippelo
420,2890,Oppuurs
421,2890,Sint-Amands
422,2900,SCHOTEN
423,2910,ESSEN
424,2920,KALMTHOUT
425,2930,BRASSCHAAT
426,2940,STABROEK
427,2940,Hoevenen
428,2950,KAPELLEN
429,2960,BRECHT
430,2960,Sint-Lenaarts
431,2960,Sint-Job-In-'T-Goor
432,2970,SCHILDE
433,2970,S Gravenwezel
434,2980,ZOERSEL
435,2980,Halle
436,2990,WUUSTWEZEL
437,2990,Loenhout
438,3000,LEUVEN
439,3001,Heverlee
440,3010,Kessel Lo
441,3012,Wilsele
442,3018,Wijgmaal
443,3020,Veltem-Beisem
444,3020,Winksele
445,3020,HERENT
446,3040,Ottenburg
447,3040,Loonbeek
448,3040,Neerijse
449,3040,HULDENBERG
450,3040,Sint-Agatha-Rode
451,3050,OUD-HEVERLEE
452,3051,Sint-Joris-Weert
453,3052,Blanden
454,3053,Haasrode
455,3054,Vaalbeek
456,3060,Korbeek-Dijle
457,3060,BERTEM
458,3061,Leefdaal
459,3070,KORTENBERG
460,3071,Erps-Kwerps
461,3078,Meerbeek
462,3078,Everberg
463,3080,TERVUREN
464,3080,Vossem
465,3080,Duisburg
466,3090,OVERIJSE
467,3110,ROTSELAAR
468,3111,Wezemaal
469,3118,Werchter
470,3120,TREMELO
471,3128,Baal
472,3130,BEGIJNENDIJK
473,3130,Betekom
474,3140,KEERBERGEN
475,3150,Tildonk
476,3150,HAACHT
477,3150,Wespelaar
478,3190,BOORTMEERBEEK
479,3191,Hever
480,3200,AARSCHOT
481,3200,Gelrode
482,3201,Langdorp
483,3202,Rillaar
484,3210,LUBBEEK
485,3210,Linden
486,3211,Binkom
487,3212,Pellenberg
488,3220,Sint-Pieters-Rode
489,3220,HOLSBEEK
490,3220,Kortrijk-Dutsel
491,3221,Nieuwrode
492,3270,Scherpenheuvel
493,3270,SCHERPENHEUVEL-ZICHEM
494,3271,Averbode
495,3271,Zichem
496,3272,Messelbroek
497,3272,Testelt
498,3290,DIEST
499,3290,Webbekom
500,3290,Schaffen
501,3290,Deurne
502,3293,Kaggevinne
503,3294,Molenstede
504,3300,Kumtich
505,3300,Goetsenhoven
506,3300,Oplinter
507,3300,Bost
508,3300,TIENEN
509,3300,Oorbeek
510,3300,Vissenaken
511,3300,Hakendover
512,3300,Sint-Margriete-Houtem
513,3320,Meldert
514,3320,HOEGAARDEN
515,3321,Outgaarden
516,3350,Neerhespen
517,3350,Neerlinter
518,3350,Orsmaal-Gussenhoven
519,3350,LINTER
520,3350,Wommersom
521,3350,Drieslinter
522,3350,Melkwezer
523,3350,Overhespen
524,3360,BIERBEEK
525,3360,Opvelp
526,3360,Korbeek-Lo
527,3360,Lovenjoel
528,3370,Vertrijk
529,3370,Willebringen
530,3370,BOUTERSEM
531,3370,Neervelp
532,3370,Roosbeek
533,3370,Kerkom
534,3380,Bunsbeek
535,3380,GLABBEEK
536,3381,Kapellen
537,3384,Attenrode
538,3390,Sint-Joris-Winge
539,3390,Houwaart
540,3390,TIELT-WINGE
541,3390,Tielt
542,3391,Meensel-Kiezegem
543,3400,LANDEN
544,3400,Overwinden
545,3400,Wange
546,3400,Rumsdorp
547,3400,Neerwinden
548,3400,Ezemaal
549,3400,Eliksem
550,3400,Laar
551,3401,Walsbets
552,3401,Wezeren
553,3401,Walshoutem
554,3401,Waasmont
555,3404,Attenhoven
556,3404,Neerlanden
557,3440,Helen-Bos
558,3440,Budingen
559,3440,ZOUTLEEUW
560,3440,Dormaal
561,3440,Halle-Booienhoven
562,3450,Grazen
563,3450,GEETBETS
564,3454,Rummen
565,3460,BEKKEVOORT
566,3460,Assent
567,3461,Molenbeek-Wersbeek
568,3470,KORTENAKEN
569,3470,Sint-Margriete-Houtem
570,3470,Ransberg
571,3471,Hoeleden
572,3472,Kersbeek-Miskom
573,3473,Waanrode
574,3500,HASSELT
575,3500,Sint-Lambrechts-Herk
576,3501,Wimmertingen
577,3510,Kermt
578,3510,Spalbeek
579,3511,Kuringen
580,3511,Stokrooie
581,3512,Stevoort
582,3520,ZONHOVEN
583,3530,Houthalen
584,3530,Helchteren
585,3530,HOUTHALEN-HELCHTEREN
586,3540,Schulen
587,3540,Donk
588,3540,Berbroek
589,3540,HERK-DE-STAD
590,3545,Loksbergen
591,3545,Zelem
592,3545,HALEN
593,3550,HEUSDEN-ZOLDER
594,3550,Zolder
595,3550,Heusden
596,3560,LUMMEN
597,3560,Linkhout
598,3560,Meldert
599,3570,ALKEN
600,3580,BERINGEN
601,3581,Beverlo
602,3582,Koersel
603,3583,Paal
604,3590,DIEPENBEEK
605,3600,GENK
606,3620,Neerharen
607,3620,Veldwezelt
608,3620,Gellik
609,3620,LANAKEN
610,3621,Rekem
611,3630,Opgrimbie
612,3630,Vucht
613,3630,Eisden
614,3630,Mechelen-Aan-De-Maas
615,3630,MAASMECHELEN
616,3630,Meeswijk
617,3630,Leut
618,3631,Uikhoven
619,3631,Boorsem
620,3640,Molenbeersel
621,3640,Kessenich
622,3640,Ophoven
623,3640,KINROOI
624,3650,Lanklaar
625,3650,Dilsen
626,3650,Rotem
627,3650,Stokkem
628,3650,DILSEN-STOKKEM
629,3650,Elen
630,3660,Opglabbeek
631,3665,AS
632,3668,Niel-Bij-As
633,3670,Wijshagen
634,3670,Meeuwen
635,3670,OUDSBERGEN
636,3670,Gruitrode
637,3670,Neerglabbeek
638,3670,Ellikom
639,3680,MAASEIK
640,3680,Opoeteren
641,3680,Neeroeteren
642,3690,ZUTENDAAL
643,3700,Widooie
644,3700,Lauw
645,3700,Diets-Heur
646,3700,Koninksem
647,3700,Nerem
648,3700,TONGEREN
649,3700,Kolmont
650,3700,Mal
651,3700,Riksingen
652,3700,Overrepen
653,3700,Henis
654,3700,Sluizen
655,3700,Haren
656,3700,Neerrepen
657,3700,S Herenelderen
658,3700,Vreren
659,3700,Berg
660,3700,Piringen
661,3700,Rutten
662,3717,HERSTAPPE
663,3720,KORTESSEM
664,3721,Vliermaalroot
665,3722,Wintershoven
666,3723,Guigoven
667,3724,Vliermaal
668,3730,Werm
669,3730,HOESELT
670,3730,Sint-Huibrechts-Hern
671,3730,Romershoven
672,3732,Schalkhoven
673,3740,Hees
674,3740,Eigenbilzen
675,3740,Grote-Spouwen
676,3740,Waltwilder
677,3740,Beverst
678,3740,BILZEN
679,3740,Kleine-Spouwen
680,3740,Munsterbilzen
681,3740,Mopertingen
682,3740,Rijkhoven
683,3740,Rosmeer
684,3742,Martenslinde
685,3746,Hoelbeek
686,3770,Millen
687,3770,Vlijtingen
688,3770,Kanne
689,3770,Genoelselderen
690,3770,Membruggen
691,3770,RIEMST
692,3770,Vroenhoven
693,3770,Zichen-Zussen-Bolder
694,3770,Herderen
695,3770,Val-Meer
696,3790,Fouron-Saint-Martin
697,3790,FOURONS
698,3790,Mouland
699,3791,Remersdaal
700,3792,Fouron-Saint-Pierre
701,3793,Teuven
702,3798,Fouron-Le-Comte
703,3800,Aalst
704,3800,Ordingen
705,3800,Groot-Gelmen
706,3800,Kerkom-Bij-Sint-Truiden
707,3800,Halmaal
708,3800,Zepperen
709,3800,SINT-TRUIDEN
710,3800,Engelmanshoven
711,3800,Gelinden
712,3800,Brustem
713,3803,Runkelen
714,3803,Gorsem
715,3803,Wilderen
716,3803,Duras
717,3806,Velm
718,3830,WELLEN
719,3830,Berlingen
720,3831,Herten
721,3832,Ulbeek
722,3840,Kolmont
723,3840,Hoepertingen
724,3840,Kuttekoven
725,3840,Kerniel
726,3840,Bommershoven
727,3840,Hendrieken
728,3840,Gotem
729,3840,Gors-Opleeuw
730,3840,Rijkel
731,3840,Groot-Loon
732,3840,Jesseren
733,3840,Voort
734,3840,Broekom
735,3840,Haren
736,3840,BORGLOON
737,3850,Kozen
738,3850,Binderveld
739,3850,NIEUWERKERKEN
740,3850,Wijer
741,3870,Opheers
742,3870,Batsheers
743,3870,HEERS
744,3870,Veulen
745,3870,Klein-Gelmen
746,3870,Horpmaal
747,3870,Vechmaal
748,3870,Gutshoven
749,3870,Heks
750,3870,Bovelingen
751,3870,Mechelen-Bovelingen
752,3870,Rukkelingen-Loon
753,3870,Mettekoven
754,3890,Vorsen
755,3890,Jeuk
756,3890,Montenaken
757,3890,GINGELOM
758,3890,Kortijs
759,3890,Niel-Bij-Sint-Truiden
760,3890,Boekhout
761,3891,Buvingen
762,3891,Mielen-Boven-Aalst
763,3891,Borlo
764,3891,Muizen
765,3900,Overpelt
766,3900,PELT
767,3910,Neerpelt
768,3910,Sint-Huibrechts-Lille
769,3920,LOMMEL
770,3930,Achel
771,3930,Hamont
772,3930,HAMONT-ACHEL
773,3940,Hechtel
774,3940,HECHTEL-EKSEL
775,3941,Eksel
776,3945,Kwaadmechelen
777,3945,HAM
778,3945,Oostham
779,3950,BOCHOLT
780,3950,Kaulille
781,3950,Reppel
782,3960,BREE
783,3960,Opitter
784,3960,Tongerlo
785,3960,Gerdingen
786,3960,Beek
787,3970,LEOPOLDSBURG
788,3971,Heppen
789,3980,TESSENDERLO
790,3990,Grote-Brogel
791,3990,PEER
792,3990,Kleine-Brogel
793,3990,Wijchmaal
794,4000,Rocourt
795,4000,LIÈGE
796,4000,Glain
797,4020,Jupille-Sur-Meuse
798,4020,Bressoux
799,4020,LIÈGE
800,4020,Wandre
801,4030,Grivegnée
802,4031,Angleur
803,4032,Chênée
804,4040,HERSTAL
805,4041,Vottem
806,4041,Milmort
807,4042,Liers
808,4050,CHAUDFONTAINE
809,4051,Vaux-Sous-Chèvremont
810,4052,Beaufays
811,4053,Embourg
812,4099,Liège X
813,4100,Boncelles
814,4100,SERAING
815,4101,Jemeppe-Sur-Meuse
816,4102,Ougrée
817,4120,Rotheux-Rimière
818,4120,Ehein
819,4120,NEUPRÉ
820,4121,Neuville-En-Condroz
821,4122,Plainevaux
822,4130,Tilff
823,4130,ESNEUX
824,4140,Dolembreux
825,4140,Rouvreux
826,4140,SPRIMONT
827,4140,Gomzé-Andoumont
828,4141,Louveigné
829,4160,ANTHISNES
830,4161,Villers-Aux-Tours
831,4162,Hody
832,4163,Tavier
833,4170,COMBLAIN-AU-PONT
834,4171,Poulseur
835,4180,Comblain-Fairon
836,4180,HAMOIR
837,4180,Comblain-La-Tour
838,4181,Filot
839,4190,My
840,4190,FERRIÈRES
841,4190,Xhoris
842,4190,Werbomont
843,4190,Vieuxville
844,4210,BURDINNE
845,4210,Hannêche
846,4210,Marneffe
847,4210,Lamontzée
848,4210,Oteppe
849,4217,HÉRON
850,4217,Waret-L'Evêque
851,4217,Lavoir
852,4218,Couthuin
853,4219,Acosse
854,4219,Meeffe
855,4219,Ambresin
856,4219,WASSEIGES
857,4250,Boëlhe
858,4250,Lens-Saint-Servais
859,4250,GEER
860,4250,Hollogne-Sur-Geer
861,4252,Omal
862,4253,Darion
863,4254,Ligney
864,4257,BERLOZ
865,4257,Rosoux-Crenwick
866,4257,Corswarem
867,4260,Avennes
868,4260,BRAIVES
869,4260,Ville-En-Hesbaye
870,4260,Fallais
871,4260,Fumal
872,4260,Ciplet
873,4261,Latinne
874,4263,Tourinne
875,4280,Bertrée
876,4280,Thisnes
877,4280,Avin
878,4280,Lens-Saint-Remy
879,4280,Merdorp
880,4280,Wansin
881,4280,Crehen
882,4280,Petit-Hallet
883,4280,Grand-Hallet
884,4280,Blehen
885,4280,Moxhe
886,4280,Trognée
887,4280,Villers-Le-Peuplier
888,4280,Avernas-Le-Bauduin
889,4280,Poucet
890,4280,Abolens
891,4280,HANNUT
892,4280,Cras-Avernas
893,4287,LINCENT
894,4287,Pellaines
895,4287,Racour
896,4300,Oleye
897,4300,Bovenistier
898,4300,WAREMME
899,4300,Bleret
900,4300,Lantremange
901,4300,Grand-Axhe
902,4300,Bettincourt
903,4317,FAIMES
904,4317,Celles
905,4317,Aineffe
906,4317,Borlez
907,4317,Les Waleffes
908,4317,Viemme
909,4340,Villers-L'Evêque
910,4340,Fooz
911,4340,AWANS
912,4340,Othée
913,4342,Hognoul
914,4347,Noville
915,4347,Roloux
916,4347,FEXHE-LE-HAUT-CLOCHER
917,4347,Freloux
918,4347,Voroux-Goreux
919,4350,REMICOURT
920,4350,Lamine
921,4350,Pousset
922,4350,Momalle
923,4351,Hodeige
924,4357,DONCEEL
925,4357,Haneffe
926,4357,Limont
927,4357,Jeneffe
928,4360,Grandville
929,4360,Otrange
930,4360,Lens-Sur-Geer
931,4360,OREYE
932,4360,Bergilers
933,4367,Fize-Le-Marsal
934,4367,CRISNÉE
935,4367,Kemexhe
936,4367,Odeur
937,4367,Thys
938,4400,Ivoz-Ramet
939,4400,Awirs
940,4400,Gleixhe
941,4400,FLÉMALLE
942,4400,Chokier
943,4400,Mons-Lez-Liège
944,4400,Flémalle-Grande
945,4400,Flémalle-Haute
946,4420,Tilleur
947,4420,SAINT-NICOLAS
948,4420,Montegnée
949,4430,ANS
950,4431,Loncin
951,4432,Xhendremael
952,4432,Alleur
953,4450,Slins
954,4450,Lantin
955,4450,JUPRELLE
956,4451,Voroux-Lez-Liers
957,4452,Paifve
958,4452,Wihogne
959,4453,Villers-Saint-Siméon
960,4458,Fexhe-Slins
961,4460,Horion-Hozémont
962,4460,Velroux
963,4460,Grâce-Berleur
964,4460,Hollogne-Aux-Pierres
965,4460,Bierset
966,4460,GRÂCE-HOLLOGNE
967,4470,SAINT-GEORGES-SUR-MEUSE
968,4480,Clermont-Sous-Huy
969,4480,Hermalle-Sous-Huy
970,4480,ENGIS
971,4480,Ehein
972,4500,HUY
973,4500,Tihange
974,4500,Ben-Ahin
975,4520,Antheit
976,4520,Moha
977,4520,Bas-Oha
978,4520,Vinalmont
979,4520,Huccorgne
980,4520,WANZE
981,4530,Warnant-Dreye
982,4530,Vieux-Waleffe
983,4530,Vaux-Et-Borset
984,4530,Fize-Fontaine
985,4530,VILLERS-LE-BOUILLET
986,4537,VERLAINE
987,4537,Chapon-Seraing
988,4537,Bodegnée
989,4537,Seraing-Le-Château
990,4540,Flône
991,4540,AMAY
992,4540,Ampsin
993,4540,Ombret
994,4540,Jehay
995,4550,Villers-Le-Temple
996,4550,NANDRIN
997,4550,Yernée-Fraineux
998,4550,Saint-Séverin
999,4557,Ramelot
1000,4557,Abée
1001,4557,Seny
1002,4557,Fraiture
1003,4557,Soheit-Tinlot
1004,4557,TINLOT
1005,4560,CLAVIER
1006,4560,Les Avins
1007,4560,Pailhe
1008,4560,Bois-Et-Borsu
1009,4560,Ocquier
1010,4560,Terwagne
1011,4570,MARCHIN
1012,4570,Vyle-Et-Tharoul
1013,4577,Vierset-Barse
1014,4577,Outrelouxhe
1015,4577,Strée-Lez-Huy
1016,4577,MODAVE
1017,4590,OUFFET
1018,4590,Ellemelle
1019,4590,Warzée
1020,4600,VISÉ
1021,4600,Richelle
1022,4600,Lanaye
1023,4600,Lixhe
1024,4601,Argenteau
1025,4602,Cheratte
1026,4606,Saint-André
1027,4607,DALHEM
1028,4607,Mortroux
1029,4607,Bombaye
1030,4607,Feneur
1031,4607,Berneau
1032,4608,Warsage
1033,4608,Neufchâteau
1034,4610,Bellaire
1035,4610,Queue-Du-Bois
1036,4610,BEYNE-HEUSAY
1037,4620,FLÉRON
1038,4621,Retinne
1039,4623,Magnée
1040,4624,Romsée
1041,4630,SOUMAGNE
1042,4630,Tignée
1043,4630,Ayeneux
1044,4630,Micheroux
1045,4631,Evegnée
1046,4632,Cérexhe-Heuseux
1047,4633,Melen
1048,4650,HERVE
1049,4650,Julémont
1050,4650,Grand-Rechain
1051,4650,Chaineux
1052,4651,Battice
1053,4652,Xhendelesse
1054,4653,Bolland
1055,4654,Charneux
1056,4670,Trembleur
1057,4670,BLÉGNY
1058,4670,Mortier
1059,4671,Barchon
1060,4671,Housse
1061,4671,Saive
1062,4672,Saint-Remy
1063,4680,Hermée
1064,4680,OUPEYE
1065,4681,Hermalle-Sous-Argenteau
1066,4682,Heure-Le-Romain
1067,4682,Houtain-Saint-Siméon
1068,4683,Vivegnis
1069,4684,Haccourt
1070,4690,BASSENGE
1071,4690,Wonck
1072,4690,Eben-Emael
1073,4690,Boirs
1074,4690,Roclenge-Sur-Geer
1075,4690,Glons
1076,4700,EUPEN
1077,4701,Kettenis
1078,4710,LONTZEN
1079,4711,Walhorn
1080,4720,LA CALAMINE
1081,4721,Neu-Moresnet
1082,4728,Hergenrath
1083,4730,RAEREN
1084,4730,Hauset
1085,4731,Eynatten
1086,4750,BUTGENBACH
1087,4750,Elsenborn
1088,4760,Manderfeld
1089,4760,BULLANGE
1090,4761,Rocherath
1091,4770,AMBLÈVE
1092,4770,Meyerode
1093,4771,Heppenbach
1094,4780,Recht
1095,4780,SAINT-VITH
1096,4782,Schoenberg
1097,4783,Lommersweiler
1098,4784,Crombach
1099,4790,BURG-REULAND
1100,4790,Reuland
1101,4791,Thommen
1102,4800,Petit-Rechain
1103,4800,Ensival
1104,4800,VERVIERS
1105,4800,Lambermont
1106,4800,Polleur
1107,4801,Stembert
1108,4802,Heusy
1109,4820,DISON
1110,4821,Andrimont
1111,4830,LIMBOURG
1112,4831,Bilstain
1113,4834,Goé
1114,4837,Membach
1115,4837,BAELEN
1116,4840,WELKENRAEDT
1117,4841,Henri-Chapelle
1118,4845,Sart-Lez-Spa
1119,4845,JALHAY
1120,4850,Moresnet
1121,4850,PLOMBIÈRES
1122,4850,Montzen
1123,4851,Gemmenich
1124,4851,Sippenaeken
1125,4852,Hombourg
1126,4860,PEPINSTER
1127,4860,Wegnez
1128,4860,Cornesse
1129,4861,Soiron
1130,4870,Fraipont
1131,4870,Forêt
1132,4870,TROOZ
1133,4870,Nessonvaux
1134,4877,OLNE
1135,4880,AUBEL
1136,4890,Clermont
1137,4890,Thimister
1138,4890,THIMISTER-CLERMONT
1139,4900,SPA
1140,4910,La Reid
1141,4910,THEUX
1142,4910,Polleur
1143,4920,Ernonheid
1144,4920,AYWAILLE
1145,4920,Louveigné
1146,4920,Harzé
1147,4920,Sougné-Remouchamps
1148,4950,Sourbrodt
1149,4950,Faymonville
1150,4950,WAIMES
1151,4950,Robertville
1152,4960,Bellevaux-Ligneuville
1153,4960,MALMEDY
1154,4960,Bevercé
1155,4970,STAVELOT
1156,4970,Francorchamps
1157,4980,Wanne
1158,4980,TROIS-PONTS
1159,4980,Fosse
1160,4983,Basse-Bodeux
1161,4987,STOUMONT
1162,4987,Lorcé
1163,4987,Chevron
1164,4987,Rahier
1165,4987,La Gleize
1166,4990,Bra
1167,4990,Arbrefontaine
1168,4990,LIERNEUX
1169,5000,Beez
1170,5000,NAMUR
1171,5001,Belgrade
1172,5002,Saint-Servais
1173,5003,Saint-Marc
1174,5004,Bouge
1175,5010,SA SudPresse
1176,5012,Parlement Wallon
1177,5020,Flawinne
1178,5020,Daussoulx
1179,5020,Champion
1180,5020,Vedrin
1181,5020,Malonne
1182,5020,Suarlée
1183,5020,Temploux
1184,5021,Boninne
1185,5022,Cognelée
1186,5024,Gelbressée
1187,5024,Marche-Les-Dames
1188,5030,Grand-Manil
1189,5030,Beuzet
1190,5030,GEMBLOUX
1191,5030,Ernage
1192,5030,Lonzée
1193,5030,Sauvenière
1194,5031,Grand-Leez
1195,5032,Bossière
1196,5032,Mazy
1197,5032,Bothey
1198,5032,Corroy-Le-Château
1199,5032,Isnes
1200,5060,Velaine-Sur-Sambre
1201,5060,Auvelais
1202,5060,SAMBREVILLE
1203,5060,Keumiée
1204,5060,Moignelée
1205,5060,Falisolle
1206,5060,Tamines
1207,5060,Arsimont
1208,5070,Le Roux
1209,5070,FOSSES-LA-VILLE
1210,5070,Sart-Saint-Laurent
1211,5070,Sart-Eustache
1212,5070,Aisemont
1213,5070,Vitrival
1214,5080,Warisoulx
1215,5080,Rhisnes
1216,5080,LA BRUYÈRE
1217,5080,Villers-Lez-Heest
1218,5080,Emines
1219,5081,Saint-Denis-Bovesse
1220,5081,Bovesse
1221,5081,Meux
1222,5100,Wierde
1223,5100,Naninne
1224,5100,Wépion
1225,5100,Dave
1226,5100,Jambes
1227,5101,Erpent
1228,5101,Loyers
1229,5101,Lives-Sur-Meuse
1230,5140,SOMBREFFE
1231,5140,Ligny
1232,5140,Boignée
1233,5140,Tongrinne
1234,5150,Soye
1235,5150,Floriffoux
1236,5150,Franière
1237,5150,FLOREFFE
1238,5170,Arbre
1239,5170,Bois-De-Villers
1240,5170,Lustin
1241,5170,Lesve
1242,5170,PROFONDEVILLE
1243,5170,Rivière
1244,5190,Saint-Martin
1245,5190,Mornimont
1246,5190,Ham-Sur-Sambre
1247,5190,JEMEPPE-SUR-SAMBRE
1248,5190,Moustier-Sur-Sambre
1249,5190,Balâtre
1250,5190,Spy
1251,5190,Onoz
1252,5300,Bonneville
1253,5300,Seilles
1254,5300,Namêche
1255,5300,Maizeret
1256,5300,Sclayn
1257,5300,Vezin
1258,5300,Coutisse
1259,5300,Landenne
1260,5300,Thon
1261,5300,ANDENNE
1262,5310,Boneffe
1263,5310,Waret-La-Chaussée
1264,5310,Longchamps
1265,5310,EGHEZÉE
1266,5310,Bolinne
1267,5310,Upigny
1268,5310,Saint-Germain
1269,5310,Hanret
1270,5310,Aische-En-Refail
1271,5310,Branchon
1272,5310,Leuze
1273,5310,Liernu
1274,5310,Noville-Sur-Mehaigne
1275,5310,Mehaigne
1276,5310,Dhuy
1277,5310,Taviers
1278,5330,Maillen
1279,5330,ASSESSE
1280,5330,Sart-Bernard
1281,5332,Crupet
1282,5333,Sorinne-La-Longue
1283,5334,Florée
1284,5336,Courrière
1285,5340,Sorée
1286,5340,Mozet
1287,5340,GESVES
1288,5340,Faulx-Les-Tombes
1289,5340,Haltinne
1290,5350,OHEY
1291,5350,Evelette
1292,5351,Haillot
1293,5352,Perwez-Haillot
1294,5353,Goesnes
1295,5354,Jallet
1296,5360,HAMOIS
1297,5360,Natoye
1298,5361,Scy
1299,5361,Mohiville
1300,5362,Achet
1301,5363,Emptinne
1302,5364,Schaltin
1303,5370,Jeneffe
1304,5370,Flostoy
1305,5370,Barvaux-Condroz
1306,5370,HAVELANGE
1307,5370,Porcheresse
1308,5370,Verlée
1309,5372,Méan
1310,5374,Maffe
1311,5376,Miécret
1312,5377,Noiseux
1313,5377,SOMME-LEUZE
1314,5377,Hogne
1315,5377,Sinsin
1316,5377,Waillet
1317,5377,Heure
1318,5377,Baillonville
1319,5377,Nettinne
1320,5377,Bonsin
1321,5380,Tillier
1322,5380,Marchovelette
1323,5380,Franc-Waret
1324,5380,Forville
1325,5380,Noville-Les-Bois
1326,5380,Bierwart
1327,5380,Hingeon
1328,5380,Hemptinne
1329,5380,Cortil-Wodon
1330,5380,FERNELMONT
1331,5380,Pontillas
1332,5500,Furfooz
1333,5500,Falmignoul
1334,5500,Falmagne
1335,5500,DINANT
1336,5500,Anseremme
1337,5500,Bouvignes-Sur-Meuse
1338,5500,Dréhance
1339,5501,Lisogne
1340,5502,Thynes
1341,5503,Sorinnes
1342,5504,Foy-Notre-Dame
1343,5520,ONHAYE
1344,5520,Anthée
1345,5521,Serville
1346,5522,Falaën
1347,5523,Weillen
1348,5523,Sommière
1349,5524,Gérin
1350,5530,YVOIR
1351,5530,Houx
1352,5530,Godinne
1353,5530,Durnal
1354,5530,Evrehailles
1355,5530,Spontin
1356,5530,Mont
1357,5530,Dorinne
1358,5530,Purnode
1359,5537,Annevoie-Rouillon
1360,5537,ANHÉE
1361,5537,Denée
1362,5537,Sosoye
1363,5537,Haut-Le-Wastia
1364,5537,Warnant
1365,5537,Bioul
1366,5540,HASTIÈRE
1367,5540,Hastière-Lavaux
1368,5540,Hermeton-Sur-Meuse
1369,5540,Waulsort
1370,5541,Hastière-Par-Delà
1371,5542,Blaimont
1372,5543,Heer
1373,5544,Agimont
1374,5550,Alle
1375,5550,Bagimont
1376,5550,VRESSE-SUR-SEMOIS
1377,5550,Chairière
1378,5550,Sugny
1379,5550,Mouzaive
1380,5550,Membre
1381,5550,Laforêt
1382,5550,Nafraiture
1383,5550,Orchimont
1384,5550,Bohan
1385,5550,Pussemange
1386,5555,Monceau-En-Ardenne
1387,5555,Naomé
1388,5555,Gros-Fays
1389,5555,Petit-Fays
1390,5555,BIÈVRE
1391,5555,Graide
1392,5555,Baillamont
1393,5555,Oizy
1394,5555,Bellefontaine
1395,5555,Cornimont
1396,5560,Hulsonniaux
1397,5560,Ciergnon
1398,5560,Mesnil-Saint-Blaise
1399,5560,HOUYET
1400,5560,Finnevaux
1401,5560,Mesnil-Eglise
1402,5561,Celles
1403,5562,Custinne
1404,5563,Hour
1405,5564,Wanlin
1406,5570,Feschaux
1407,5570,Honnay
1408,5570,Vonêche
1409,5570,Baronville
1410,5570,Wancennes
1411,5570,Javingue
1412,5570,Dion
1413,5570,Winenne
1414,5570,Felenne
1415,5570,BEAURAING
1416,5571,Wiesme
1417,5572,Focant
1418,5573,Martouzin-Neuville
1419,5574,Pondrôme
1420,5575,Louette-Saint-Denis
1421,5575,Louette-Saint-Pierre
1422,5575,Malvoisin
1423,5575,Vencimont
1424,5575,Patignies
1425,5575,Sart-Custinne
1426,5575,Bourseigne-Vieille
1427,5575,Rienne
1428,5575,Willerzie
1429,5575,GEDINNE
1430,5575,Bourseigne-Neuve
1431,5575,Houdremont
1432,5576,Froidfontaine
1433,5580,Lavaux-Sainte-Anne
1434,5580,ROCHEFORT
1435,5580,Eprave
1436,5580,Ave-Et-Auffe
1437,5580,Lessive
1438,5580,Villers-Sur-Lesse
1439,5580,Mont-Gauthier
1440,5580,Wavreille
1441,5580,Han-Sur-Lesse
1442,5580,Buissonville
1443,5580,Jemelle
1444,5589,Jemelle
1445,5590,Sovet
1446,5590,CINEY
1447,5590,Serinchamps
1448,5590,Achêne
1449,5590,Braibant
1450,5590,Haversin
1451,5590,Leignon
1452,5590,Chevetogne
1453,5590,Conneux
1454,5590,Pessoux
1455,5600,Neuville
1456,5600,Villers-En-Fagne
1457,5600,Jamagne
1458,5600,Omezée
1459,5600,Fagnolle
1460,5600,Sart-En-Fagne
1461,5600,Roly
1462,5600,Romedenne
1463,5600,Franchimont
1464,5600,Vodecée
1465,5600,Sautour
1466,5600,Merlemont
1467,5600,PHILIPPEVILLE
1468,5600,Jamiolle
1469,5600,Samart
1470,5600,Villers-Le-Gambon
1471,5600,Surice
1472,5620,Morville
1473,5620,Flavion
1474,5620,FLORENNES
1475,5620,Rosée
1476,5620,Corenne
1477,5620,Hemptinne-Lez-Florennes
1478,5620,Saint-Aubin
1479,5621,Morialmé
1480,5621,Thy-Le-Baudouin
1481,5621,Hanzinelle
1482,5621,Hanzinne
1483,5630,Villers-Deux-Eglises
1484,5630,Soumoy
1485,5630,Silenrieux
1486,5630,Senzeilles
1487,5630,Daussois
1488,5630,CERFONTAINE
1489,5640,Biesme
1490,5640,Graux
1491,5640,Saint-Gérard
1492,5640,Biesmerée
1493,5640,Oret
1494,5640,METTET
1495,5641,Furnaux
1496,5644,Ermeton-Sur-Biert
1497,5646,Stave
1498,5650,Clermont
1499,5650,Fontenelle
1500,5650,Fraire
1501,5650,Chastrès
1502,5650,Castillon
1503,5650,Pry
1504,5650,WALCOURT
1505,5650,Vogenée
1506,5650,Yves-Gomezée
1507,5651,Rognée
1508,5651,Thy-Le-Château
1509,5651,Gourdinne
1510,5651,Somzée
1511,5651,Tarcienne
1512,5651,Berzée
1513,5651,Laneffe
1514,5660,COUVIN
1515,5660,Mariembourg
1516,5660,Presgaux
1517,5660,Cul-Des-Sarts
1518,5660,Pesche
1519,5660,Petite-Chapelle
1520,5660,Brûly-De-Pesche
1521,5660,Boussu-En-Fagne
1522,5660,Brûly
1523,5660,Dailly
1524,5660,Frasnes
1525,5660,Aublain
1526,5660,Pétigny
1527,5660,Gonrieux
1528,5670,Nismes
1529,5670,Mazée
1530,5670,Dourbes
1531,5670,Treignes
1532,5670,Le Mesnil
1533,5670,Oignies-En-Thiérache
1534,5670,Vierves-Sur-Viroin
1535,5670,Olloy-Sur-Viroin
1536,5670,VIROINVAL
1537,5680,Matagne-La-Grande
1538,5680,DOISCHE
1539,5680,Gimnée
1540,5680,Soulme
1541,5680,Vodelée
1542,5680,Niverlée
1543,5680,Gochenée
1544,5680,Romerée
1545,5680,Vaucelles
1546,5680,Matagne-La-Petite
1547,6000,CHARLEROI
1548,6001,Marcinelle
1549,6010,Couillet
1550,6020,Dampremy
1551,6030,Marchienne-Au-Pont
1552,6030,Goutroux
1553,6031,Monceau-Sur-Sambre
1554,6032,Mont-Sur-Marchienne
1555,6040,Jumet
1556,6041,Gosselies
1557,6042,Lodelinsart
1558,6043,Ransart
1559,6044,Roux
1560,6060,Gilly
1561,6061,Montignies-Sur-Sambre
1562,6075,CSM Charleroi X
1563,6099,Charleroi X
1564,6110,MONTIGNY-LE-TILLEUL
1565,6111,Landelies
1566,6120,Marbaix
1567,6120,Cour-Sur-Heure
1568,6120,HAM-SUR-HEURE
1569,6120,Jamioulx
1570,6120,Nalinnes
1571,6140,FONTAINE-L'EVÊQUE
1572,6141,Forchies-La-Marche
1573,6142,Leernes
1574,6150,ANDERLUES
1575,6180,COURCELLES
1576,6181,Gouy-Lez-Piéton
1577,6182,Souvret
1578,6183,Trazegnies
1579,6200,CHÂTELET
1580,6200,Châtelineau
1581,6200,Bouffioulx
1582,6210,Frasnes-Lez-Gosselies
1583,6210,Rèves
1584,6210,LES BONS VILLERS
1585,6210,Villers-Perwin
1586,6210,Wayaux
1587,6211,Mellet
1588,6220,Lambusart
1589,6220,FLEURUS
1590,6220,Heppignies
1591,6220,Wangenies
1592,6221,Saint-Amand
1593,6222,Brye
1594,6223,Wagnelée
1595,6224,Wanfercée-Baulet
1596,6230,PONT-À-CELLES
1597,6230,Buzet
1598,6230,Viesville
1599,6230,Thiméon
1600,6230,Obaix
1601,6238,Luttre
1602,6238,Liberchies
1603,6240,Pironchamps
1604,6240,FARCIENNES
1605,6250,AISEAU-PRESLES
1606,6250,Roselies
1607,6250,Pont-De-Loup
1608,6250,Presles
1609,6250,Aiseau
1610,6280,Acoz
1611,6280,Villers-Poterie
1612,6280,GERPINNES
1613,6280,Gougnies
1614,6280,Loverval
1615,6280,Joncret
1616,6440,Fourbechies
1617,6440,Boussu-Lez-Walcourt
1618,6440,FROIDCHAPELLE
1619,6440,Vergnies
1620,6441,Erpion
1621,6460,CHIMAY
1622,6460,Bailièvre
1623,6460,Saint-Remy
1624,6460,Salles
1625,6460,Robechies
1626,6460,Villers-La-Tour
1627,6461,Virelles
1628,6462,Vaulx-Lez-Chimay
1629,6463,Lompret
1630,6464,Bourlers
1631,6464,Rièzes
1632,6464,L'Escaillère
1633,6464,Baileux
1634,6464,Forges
1635,6470,Grandrieu
1636,6470,SIVRY-RANCE
1637,6470,Rance
1638,6470,Sautin
1639,6470,Montbliart
1640,6470,Sivry
1641,6500,BEAUMONT
1642,6500,Solre-Saint-Géry
1643,6500,Thirimont
1644,6500,Leugnies
1645,6500,Renlies
1646,6500,Barbençon
1647,6500,Leval-Chaudeville
1648,6511,Strée
1649,6530,Leers-Et-Fosteau
1650,6530,THUIN
1651,6531,Biesme-Sous-Thuin
1652,6532,Ragnies
1653,6533,Biercée
1654,6534,Gozée
1655,6536,Thuillies
1656,6536,Donstiennes
1657,6540,LOBBES
1658,6540,Mont-Sainte-Geneviève
1659,6542,Sars-La-Buissière
1660,6543,Bienne-Lez-Happart
1661,6560,Grand-Reng
1662,6560,Solre-Sur-Sambre
1663,6560,Montignies-Saint-Christophe
1664,6560,Bersillies-L'Abbaye
1665,6560,ERQUELINNES
1666,6560,Hantes-Wihéries
1667,6567,Labuissière
1668,6567,MERBES-LE-CHÂTEAU
1669,6567,Merbes-Sainte-Marie
1670,6567,Fontaine-Valmont
1671,6590,MOMIGNIES
1672,6591,Macon
1673,6592,Monceau-Imbrechies
1674,6593,Macquenoise
1675,6594,Beauwelz
1676,6596,Forge-Philippe
1677,6596,Seloignes
1678,6600,Wardin
1679,6600,BASTOGNE
1680,6600,Longvilly
1681,6600,Noville
1682,6600,Villers-La-Bonne-Eau
1683,6630,MARTELANGE
1684,6637,FAUVILLERS
1685,6637,Tintange
1686,6637,Hollange
1687,6640,Sibret
1688,6640,VAUX-SUR-SÛRE
1689,6640,Hompré
1690,6640,Vaux-Lez-Rosières
1691,6640,Nives
1692,6640,Morhet
1693,6642,Juseret
1694,6660,Nadrin
1695,6660,HOUFFALIZE
1696,6661,Mont
1697,6661,Tailles
1698,6662,Tavigny
1699,6663,Mabompré
1700,6666,Wibrin
1701,6670,Limerlé
1702,6670,GOUVY
1703,6671,Bovigny
1704,6672,Beho
1705,6673,Cherain
1706,6674,Montleban
1707,6680,Amberloup
1708,6680,Tillet
1709,6680,SAINTE-ODE
1710,6681,Lavacherie
1711,6686,Flamierge
1712,6687,BERTOGNE
1713,6688,Longchamps
1714,6690,Bihain
1715,6690,VIELSALM
1716,6692,Petit-Thier
1717,6698,Grand-Halleux
1718,6700,ARLON
1719,6700,Heinsch
1720,6700,Bonnert
1721,6700,Toernich
1722,6704,Guirsch
1723,6706,Autelbas
1724,6717,ATTERT
1725,6717,Nobressart
1726,6717,Tontelange
1727,6717,Thiaumont
1728,6717,Nothomb
1729,6720,Hachy
1730,6720,HABAY
1731,6720,Habay-La-Neuve
1732,6721,Anlier
1733,6723,Habay-La-Vieille
1734,6724,Rulles
1735,6724,Houdemont
1736,6730,TINTIGNY
1737,6730,Saint-Vincent
1738,6730,Rossignol
1739,6730,Bellefontaine
1740,6740,ETALLE
1741,6740,Villers-Sur-Semois
1742,6740,Sainte-Marie-Sur-Semois
1743,6741,Vance
1744,6742,Chantemelle
1745,6743,Buzenol
1746,6747,Meix-Le-Tige
1747,6747,SAINT-LÉGER
1748,6747,Châtillon
1749,6750,Signeulx
1750,6750,MUSSON
1751,6750,Mussy-La-Ville
1752,6760,Ethe
1753,6760,VIRTON
1754,6760,Bleid
1755,6760,Ruette
1756,6761,Latour
1757,6762,Saint-Mard
1758,6767,Torgny
1759,6767,Lamorteau
1760,6767,Harnoncourt
1761,6767,ROUVROY
1762,6767,Dampicourt
1763,6769,Gérouville
1764,6769,MEIX-DEVANT-VIRTON
1765,6769,Villers-La-Loue
1766,6769,Sommethonne
1767,6769,Robelmont
1768,6780,Hondelange
1769,6780,MESSANCY
1770,6780,Wolkrange
1771,6781,Sélange
1772,6782,Habergy
1773,6790,AUBANGE
1774,6791,Athus
1775,6792,Halanzy
1776,6792,Rachecourt
1777,6800,Moircy
1778,6800,Saint-Pierre
1779,6800,Sainte-Marie-Chevigny
1780,6800,Freux
1781,6800,Recogne
1782,6800,Bras
1783,6800,Remagne
1784,6800,LIBRAMONT-CHEVIGNY
1785,6810,Jamoigne
1786,6810,CHINY
1787,6810,Izel
1788,6811,Les Bulles
1789,6812,Suxy
1790,6813,Termes
1791,6820,FLORENVILLE
1792,6820,Sainte-Cécile
1793,6820,Fontenoille
1794,6820,Muno
1795,6821,Lacuisine
1796,6823,Villers-Devant-Orval
1797,6824,Chassepierre
1798,6830,Poupehan
1799,6830,Les Hayons
1800,6830,Rochehaut
1801,6830,BOUILLON
1802,6831,Noirfontaine
1803,6832,Sensenruth
1804,6833,Ucimont
1805,6833,Vivy
1806,6834,Bellevaux
1807,6836,Dohan
1808,6838,Corbion
1809,6840,Longlier
1810,6840,Tournay
1811,6840,Grapfontaine
1812,6840,Grandvoir
1813,6840,Hamipré
1814,6840,NEUFCHÂTEAU
1815,6850,Carlsbourg
1816,6850,PALISEUL
1817,6850,Offagne
1818,6851,Nollevaux
1819,6852,Maissin
1820,6852,Opont
1821,6853,Framont
1822,6856,Fays-Les-Veneurs
1823,6860,Witry
1824,6860,LÉGLISE
1825,6860,Ebly
1826,6860,Assenois
1827,6860,Mellier
1828,6870,Awenne
1829,6870,SAINT-HUBERT
1830,6870,Arville
1831,6870,Hatrival
1832,6870,Vesqueville
1833,6870,Mirwart
1834,6880,Cugnon
1835,6880,Orgeo
1836,6880,Jehonville
1837,6880,Auby-Sur-Semois
1838,6880,BERTRIX
1839,6887,HERBEUMONT
1840,6887,Saint-Médard
1841,6887,Straimont
1842,6890,Anloy
1843,6890,LIBIN
1844,6890,Villance
1845,6890,Transinne
1846,6890,Ochamps
1847,6890,Smuid
1848,6890,Redu
1849,6900,MARCHE-EN-FAMENNE
1850,6900,On
1851,6900,Aye
1852,6900,Humain
1853,6900,Hargimont
1854,6900,Waha
1855,6900,Roy
1856,6920,Sohier
1857,6920,WELLIN
1858,6921,Chanly
1859,6922,Halma
1860,6924,Lomprez
1861,6927,Resteigne
1862,6927,Bure
1863,6927,Grupont
1864,6927,TELLIN
1865,6929,DAVERDISSE
1866,6929,Porcheresse
1867,6929,Gembes
1868,6929,Haut-Fays
1869,6940,Wéris
1870,6940,Grandhan
1871,6940,Septon
1872,6940,DURBUY
1873,6940,Barvaux-Sur-Ourthe
1874,6941,Tohogne
1875,6941,Villers-Sainte-Gertrude
1876,6941,Bende
1877,6941,Izier
1878,6941,Borlon
1879,6941,Bomal-Sur-Ourthe
1880,6941,Heyd
1881,6950,NASSOGNE
1882,6950,Harsin
1883,6951,Bande
1884,6952,Grune
1885,6953,Forrières
1886,6953,Lesterny
1887,6953,Ambly
1888,6953,Masbourg
1889,6960,Vaux-Chavanne
1890,6960,MANHAY
1891,6960,Odeigne
1892,6960,Harre
1893,6960,Dochamps
1894,6960,Malempré
1895,6960,Grandménil
1896,6970,TENNEVILLE
1897,6971,Champlon
1898,6972,Erneuville
1899,6980,LA ROCHE-EN-ARDENNE
1900,6980,Beausaint
1901,6982,Samrée
1902,6983,Ortho
1903,6984,Hives
1904,6986,Halleux
1905,6987,Beffe
1906,6987,Hodister
1907,6987,Marcourt
1908,6987,RENDEUX
1909,6990,Marenne
1910,6990,HOTTON
1911,6990,Hampteau
1912,6990,Fronville
1913,6997,Soy
1914,6997,EREZÉE
1915,6997,Mormont
1916,6997,Amonines
1917,7000,MONS
1918,7010,SHAPE
1919,7011,Ghlin
1920,7012,Flénu
1921,7012,Jemappes
1922,7020,Maisières
1923,7020,Nimy
1924,7021,Havré
1925,7022,Hyon
1926,7022,Harveng
1927,7022,Harmignies
1928,7022,Mesvin
1929,7022,Nouvelles
1930,7024,Ciply
1931,7030,Saint-Symphorien
1932,7031,Villers-Saint-Ghislain
1933,7032,Spiennes
1934,7033,Cuesmes
1935,7034,Saint-Denis
1936,7034,Obourg
1937,7040,Asquillies
1938,7040,Genly
1939,7040,Quévy-Le-Grand
1940,7040,Bougnies
1941,7040,Aulnois
1942,7040,QUÉVY
1943,7040,Blaregnies
1944,7040,Goegnies-Chaussée
1945,7040,Quévy-Le-Petit
1946,7041,Givry
1947,7041,Havay
1948,7050,Masnuy-Saint-Jean
1949,7050,JURBISE
1950,7050,Erbisoeul
1951,7050,Herchies
1952,7050,Masnuy-Saint-Pierre
1953,7050,Erbaut
1954,7060,Horrues
1955,7060,SOIGNIES
1956,7061,Casteau
1957,7061,Thieusies
1958,7062,Naast
1959,7063,Chaussée-Notre-Dame-Louvignies
1960,7063,Neufvilles
1961,7070,Mignault
1962,7070,Thieu
1963,7070,Ville-Sur-Haine
1964,7070,Gottignies
1965,7070,LE ROEULX
1966,7080,La Bouverie
1967,7080,Eugies
1968,7080,Sars-La-Bruyère
1969,7080,FRAMERIES
1970,7080,Noirchain
1971,7090,Petit-Roeulx-Lez-Braine
1972,7090,Henripont
1973,7090,Hennuyères
1974,7090,Steenkerque
1975,7090,Ronquières
1976,7090,BRAINE-LE-COMTE
1977,7100,Saint-Vaast
1978,7100,Haine-Saint-Paul
1979,7100,Trivières
1980,7100,LA LOUVIÈRE
1981,7100,Haine-Saint-Pierre
1982,7110,Strépy-Bracquegnies
1983,7110,Houdeng-Goegnies
1984,7110,Houdeng-Aimeries
1985,7110,Boussoit
1986,7110,Maurage
1987,7120,Estinnes-Au-Mont
1988,7120,Vellereille-Les-Brayeux
1989,7120,Vellereille-Le-Sec
1990,7120,Haulchin
1991,7120,Peissant
1992,7120,Estinnes-Au-Val
1993,7120,Croix-Lez-Rouveroy
1994,7120,ESTINNES
1995,7120,Fauroeulx
1996,7120,Rouveroy
1997,7130,BINCHE
1998,7130,Battignies
1999,7130,Bray
2000,7131,Waudrez
2001,7133,Buvrinnes
2002,7134,Péronnes-Lez-Binche
2003,7134,Ressaix
2004,7134,Leval-Trahegnies
2005,7134,Epinois
2006,7140,MORLANWELZ
2007,7140,Morlanwelz-Mariemont
2008,7141,Carnières
2009,7141,Mont-Sainte-Aldegonde
2010,7160,CHAPELLE-LEZ-HERLAIMONT
2011,7160,Piéton
2012,7160,Godarville
2013,7170,Bellecourt
2014,7170,MANAGE
2015,7170,Bois-D'Haine
2016,7170,Fayt-Lez-Manage
2017,7170,La Hestre
2018,7180,SENEFFE
2019,7181,Petit-Roeulx-Lez-Nivelles
2020,7181,Feluy
2021,7181,Familleureux
2022,7181,Arquennes
2023,7190,ECAUSSINNES
2024,7190,Ecaussinnes-D'Enghien
2025,7190,Marche-Lez-Ecaussinnes
2026,7191,Ecaussinnes-Lalaing
2027,7300,BOUSSU
2028,7301,Hornu
2029,7320,BERNISSART
2030,7321,Blaton
2031,7321,Harchies
2032,7322,Pommeroeul
2033,7322,Ville-Pommeroeul
2034,7330,SAINT-GHISLAIN
2035,7331,Baudour
2036,7332,Neufmaison
2037,7332,Sirault
2038,7333,Tertre
2039,7334,Hautrage
2040,7334,Villerot
2041,7340,COLFONTAINE
2042,7340,Pâturages
2043,7340,Wasmes
2044,7340,Warquignies
2045,7350,Thulin
2046,7350,Montroeul-Sur-Haine
2047,7350,HENSIES
2048,7350,Hainin
2049,7370,Wihéries
2050,7370,Blaugies
2051,7370,DOUR
2052,7370,Elouges
2053,7380,QUIÉVRAIN
2054,7380,Baisieux
2055,7382,Audregnies
2056,7387,Angreau
2057,7387,Onnezies
2058,7387,Athis
2059,7387,HONNELLES
2060,7387,Autreppe
2061,7387,Montignies-Sur-Roc
2062,7387,Erquennes
2063,7387,Roisin
2064,7387,Angre
2065,7387,Marchipont
2066,7387,Fayt-Le-Franc
2067,7390,Wasmuel
2068,7390,QUAREGNON
2069,7500,Saint-Maur
2070,7500,TOURNAI
2071,7500,Ere
2072,7501,Orcq
2073,7502,Esplechin
2074,7503,Froyennes
2075,7504,Froidmont
2076,7506,Willemeau
2077,7510,3 Suisses
2078,7511,Vitrine Magique
2079,7512,Yves Rocher
2080,7513,Yves Rocher
2081,7520,Templeuve
2082,7520,Ramegnies-Chin
2083,7521,Chercq
2084,7522,Marquain
2085,7522,Hertain
2086,7522,Lamain
2087,7522,Blandain
2088,7530,Gaurain-Ramecroix
2089,7531,Havinnes
2090,7532,Béclers
2091,7533,Thimougies
2092,7534,Barry
2093,7534,Maulde
2094,7536,Vaulx
2095,7538,Vezon
2096,7540,Quartes
2097,7540,Kain
2098,7540,Rumillies
2099,7540,Melles
2100,7542,Mont-Saint-Aubert
2101,7543,Mourcourt
2102,7548,Warchin
2103,7600,PÉRUWELZ
2104,7601,Roucourt
2105,7602,Bury
2106,7603,Bon-Secours
2107,7604,Brasménil
2108,7604,Baugnies
2109,7604,Wasmes-Audemez-Briffoeil
2110,7604,Braffe
2111,7604,Callenelle
2112,7608,Wiers
2113,7610,RUMES
2114,7611,La Glanerie
2115,7618,Taintignies
2116,7620,Hollain
2117,7620,BRUNEHAUT
2118,7620,Wez-Velvain
2119,7620,Jollain-Merlin
2120,7620,Guignies
2121,7620,Bléharies
2122,7621,Lesdain
2123,7622,Laplaigne
2124,7623,Rongy
2125,7624,Howardries
2126,7640,Péronnes-Lez-Antoing
2127,7640,Maubray
2128,7640,ANTOING
2129,7641,Bruyelle
2130,7642,Calonne
2131,7643,Fontenoy
2132,7700,Luingne
2133,7700,MOUSCRON
2134,7711,Dottignies
2135,7712,Herseaux
2136,7730,Bailleul
2137,7730,Néchin
2138,7730,ESTAIMPUIS
2139,7730,Saint-Léger
2140,7730,Evregnies
2141,7730,Estaimbourg
2142,7730,Leers-Nord
2143,7740,Warcoing
2144,7740,PECQ
2145,7742,Hérinnes-Lez-Pecq
2146,7743,Esquelmes
2147,7743,Obigies
2148,7750,Anseroeul
2149,7750,Orroir
2150,7750,Russeignies
2151,7750,Amougies
2152,7750,MONT-DE-L'ENCLUS
2153,7760,Popuelles
2154,7760,Escanaffles
2155,7760,Velaines
2156,7760,Molenbaix
2157,7760,CELLES
2158,7760,Pottes
2159,7780,Comines
2160,7780,COMINES-WARNETON
2161,7781,Houthem
2162,7782,Ploegsteert
2163,7783,Bizet
2164,7784,Warneton
2165,7784,Bas-Warneton
2166,7800,Lanquesaint
2167,7800,ATH
2168,7801,Irchonwelz
2169,7802,Ormeignies
2170,7803,Bouvignies
2171,7804,Rebaix
2172,7804,Ostiches
2173,7810,Maffle
2174,7811,Arbre
2175,7812,Villers-Saint-Amand
2176,7812,Mainvault
2177,7812,Moulbaix
2178,7812,Villers-Notre-Dame
2179,7812,Ligne
2180,7812,Houtaing
2181,7822,Meslin-L'Evêque
2182,7822,Isières
2183,7822,Ghislenghien
2184,7823,Gibecq
2185,7830,Graty
2186,7830,Fouleng
2187,7830,Bassilly
2188,7830,Hellebecq
2189,7830,Thoricourt
2190,7830,Gondregnies
2191,7830,SILLY
2192,7830,Hoves
2193,7850,Marcq
2194,7850,ENGHIEN
2195,7850,Petit-Enghien
2196,7860,LESSINES
2197,7861,Wannebecq
2198,7861,Papignies
2199,7862,Ogy
2200,7863,Ghoy
2201,7864,Deux-Acren
2202,7866,Ollignies
2203,7866,Bois-De-Lessines
2204,7870,LENS
2205,7870,Cambron-Saint-Vincent
2206,7870,Lombise
2207,7870,Montignies-Lez-Lens
2208,7870,Bauffe
2209,7880,FLOBECQ
2210,7890,Lahamaide
2211,7890,ELLEZELLES
2212,7890,Wodecq
2213,7900,LEUZE-EN-HAINAUT
2214,7900,Grandmetz
2215,7901,Thieulain
2216,7903,Blicquy
2217,7903,Chapelle-À-Wattines
2218,7903,Chapelle-À-Oie
2219,7904,Willaupuis
2220,7904,Tourpes
2221,7904,Pipaix
2222,7906,Gallaix
2223,7910,Anvaing
2224,7910,Ellignies-Lez-Frasnes
2225,7910,Arc-Wattripont
2226,7910,Cordes
2227,7910,Forest
2228,7910,Arc-Ainières
2229,7910,FRASNES-LEZ-ANVAING
2230,7910,Wattripont
2231,7911,Frasnes-Lez-Buissenal
2232,7911,Hacquegnies
2233,7911,Herquegies
2234,7911,Moustier
2235,7911,Montroeul-Au-Bois
2236,7911,Oeudeghien
2237,7911,Buissenal
2238,7912,Saint-Sauveur
2239,7912,Dergneau
2240,7940,BRUGELETTE
2241,7940,Cambron-Casteau
2242,7941,Attre
2243,7942,Mévergnies-Lez-Lens
2244,7943,Gages
2245,7950,Grosage
2246,7950,Ladeuze
2247,7950,CHIÈVRES
2248,7950,Huissignies
2249,7950,Tongre-Saint-Martin
2250,7951,Tongre-Notre-Dame
2251,7970,BELOEIL
2252,7971,Thumaide
2253,7971,Wadelincourt
2254,7971,Basècles
2255,7971,Ramegnies
2256,7972,Ellignies-Sainte-Anne
2257,7972,Aubechies
2258,7972,Quevaucamps
2259,7973,Grandglise
2260,7973,Stambruges
2261,8000,Koolkerke
2262,8000,BRUGGE
2263,8020,Ruddervoorde
2264,8020,Hertsberge
2265,8020,Waardamme
2266,8020,OOSTKAMP
2267,8200,Sint-Michiels
2268,8200,Sint-Andries
2269,8210,Veldegem
2270,8210,Loppem
2271,8210,ZEDELGEM
2272,8211,Aartrijke
2273,8300,Westkapelle
2274,8300,KNOKKE-HEIST
2275,8300,Knokke
2276,8301,Heist-Aan-Zee
2277,8301,Ramskapelle
2278,8310,Assebroek
2279,8310,Sint-Kruis
2280,8340,Moerkerke
2281,8340,Lapscheure
2282,8340,Hoeke
2283,8340,DAMME
2284,8340,Oostkerke
2285,8340,Sijsele
2286,8370,Uitkerke
2287,8370,BLANKENBERGE
2288,8377,Meetkerke
2289,8377,Houtave
2290,8377,ZUIENKERKE
2291,8377,Nieuwmunster
2292,8380,Lissewege
2293,8380,Dudzele
2294,8380,Zeebrugge
2295,8400,Zandvoorde
2296,8400,OOSTENDE
2297,8400,Stene
2298,8420,Klemskerke
2299,8420,DE HAAN
2300,8420,Wenduine
2301,8421,Vlissegem
2302,8430,MIDDELKERKE
2303,8431,Wilskerke
2304,8432,Leffinge
2305,8433,Schore
2306,8433,Slijpe
2307,8433,Mannekensvere
2308,8433,Sint-Pieters-Kapelle
2309,8434,Westende
2310,8434,Lombardsijde
2311,8450,BREDENE
2312,8460,Roksem
2313,8460,Westkerke
2314,8460,OUDENBURG
2315,8460,Ettelgem
2316,8470,Zevekote
2317,8470,Snaaskerke
2318,8470,GISTEL
2319,8470,Moere
2320,8480,Eernegem
2321,8480,Bekegem
2322,8480,ICHTEGEM
2323,8490,Zerkegem
2324,8490,Stalhille
2325,8490,JABBEKE
2326,8490,Snellegem
2327,8490,Varsenare
2328,8500,KORTRIJK
2329,8501,Bissegem
2330,8501,Heule
2331,8510,Rollegem
2332,8510,Kooigem
2333,8510,Bellegem
2334,8510,Marke
2335,8511,Aalbeke
2336,8520,KUURNE
2337,8530,HARELBEKE
2338,8531,Hulste
2339,8531,Bavikhove
2340,8540,DEERLIJK
2341,8550,ZWEVEGEM
2342,8551,Heestert
2343,8552,Moen
2344,8553,Otegem
2345,8554,Sint-Denijs
2346,8560,WEVELGEM
2347,8560,Gullegem
2348,8560,Moorsele
2349,8570,Gijzelbrechtegem
2350,8570,ANZEGEM
2351,8570,Vichte
2352,8570,Ingooigem
2353,8572,Kaster
2354,8573,Tiegem
2355,8580,AVELGEM
2356,8581,Kerkhove
2357,8581,Waarmaarde
2358,8582,Outrijve
2359,8583,Bossuit
2360,8587,Espierres
2361,8587,ESPIERRES-HELCHIN
2362,8587,Helchin
2363,8600,Nieuwkapelle
2364,8600,Driekapellen
2365,8600,Pervijze
2366,8600,Beerst
2367,8600,Oostkerke
2368,8600,Woumen
2369,8600,Lampernisse
2370,8600,Leke
2371,8600,Stuivekenskerke
2372,8600,DIKSMUIDE
2373,8600,Keiem
2374,8600,Esen
2375,8600,Sint-Jacobs-Kapelle
2376,8600,Kaaskerke
2377,8600,Oudekapelle
2378,8600,Vladslo
2379,8610,Werken
2380,8610,Zarren
2381,8610,KORTEMARK
2382,8610,Handzame
2383,8620,NIEUWPOORT
2384,8620,Sint-Joris
2385,8620,Ramskapelle
2386,8630,Wulveringem
2387,8630,Steenkerke
2388,8630,Avekapelle
2389,8630,Houtem
2390,8630,De Moeren
2391,8630,VEURNE
2392,8630,Vinkem
2393,8630,Booitshoeke
2394,8630,Bulskamp
2395,8630,Zoutenaaie
2396,8630,Eggewaartskapelle
2397,8640,Oostvleteren
2398,8640,VLETEREN
2399,8640,Westvleteren
2400,8640,Woesten
2401,8647,Reninge
2402,8647,Pollinkhove
2403,8647,Lo
2404,8647,LO-RENINGE
2405,8647,Noordschote
2406,8650,HOUTHULST
2407,8650,Merkem
2408,8650,Klerken
2409,8660,Adinkerke
2410,8660,DE PANNE
2411,8670,KOKSIJDE
2412,8670,Oostduinkerke
2413,8670,Wulpen
2414,8680,KOEKELARE
2415,8680,Zande
2416,8680,Bovekerke
2417,8690,Oeren
2418,8690,Sint-Rijkers
2419,8690,ALVERINGEM
2420,8690,Hoogstade
2421,8691,Beveren-Aan-De-Ijzer
2422,8691,Izenberge
2423,8691,Gijverinkhove
2424,8691,Stavele
2425,8691,Leisele
2426,8700,Aarsele
2427,8700,TIELT
2428,8700,Schuiferskapelle
2429,8700,Kanegem
2430,8710,Ooigem
2431,8710,Sint-Baafs-Vijve
2432,8710,WIELSBEKE
2433,8720,Wakken
2434,8720,Oeselgem
2435,8720,DENTERGEM
2436,8720,Markegem
2437,8730,Sint-Joris
2438,8730,BEERNEM
2439,8730,Oedelem
2440,8740,Egem
2441,8740,PITTEM
2442,8750,Zwevezele
2443,8750,WINGENE
2444,8755,RUISELEDE
2445,8760,MEULEBEKE
2446,8770,INGELMUNSTER
2447,8780,OOSTROZEBEKE
2448,8790,WAREGEM
2449,8791,Beveren
2450,8792,Desselgem
2451,8793,Sint-Eloois-Vijve
2452,8800,Oekene
2453,8800,Rumbeke
2454,8800,Beveren
2455,8800,ROESELARE
2456,8810,LICHTERVELDE
2457,8820,TORHOUT
2458,8830,Gits
2459,8830,HOOGLEDE
2460,8840,Oostnieuwkerke
2461,8840,Westrozebeke
2462,8840,STADEN
2463,8850,ARDOOIE
2464,8851,Koolskamp
2465,8860,LENDELEDE
2466,8870,Kachtem
2467,8870,Emelgem
2468,8870,IZEGEM
2469,8880,LEDEGEM
2470,8880,Rollegem-Kapelle
2471,8880,Sint-Eloois-Winkel
2472,8890,Dadizele
2473,8890,MOORSLEDE
2474,8900,Dikkebus
2475,8900,IEPER
2476,8900,Sint-Jan
2477,8900,Brielen
2478,8902,Voormezele
2479,8902,Hollebeke
2480,8902,Zillebeke
2481,8904,Boezinge
2482,8904,Zuidschote
2483,8906,Elverdinge
2484,8908,Vlamertinge
2485,8920,LANGEMARK-POELKAPELLE
2486,8920,Langemark
2487,8920,Poelkapelle
2488,8920,Bikschote
2489,8930,MENEN
2490,8930,Lauwe
2491,8930,Rekkem
2492,8940,Geluwe
2493,8940,WERVIK
2494,8950,HEUVELLAND
2495,8950,Nieuwkerke
2496,8951,Dranouter
2497,8952,Wulvergem
2498,8953,Wijtschate
2499,8954,Westouter
2500,8956,Kemmel
2501,8957,MESSINES
2502,8958,Loker
2503,8970,Reningelst
2504,8970,POPERINGE
2505,8972,Proven
2506,8972,Krombeke
2507,8972,Roesbrugge-Haringe
2508,8978,Watou
2509,8980,Beselare
2510,8980,Zandvoorde
2511,8980,Geluveld
2512,8980,Passendale
2513,8980,ZONNEBEKE
2514,9000,GENT
2515,9030,Mariakerke
2516,9031,Drongen
2517,9032,Wondelgem
2518,9040,Sint-Amandsberg
2519,9041,Oostakker
2520,9042,Sint-Kruis-Winkel
2521,9042,Desteldonk
2522,9042,Mendonk
2523,9050,Gentbrugge
2524,9050,Ledeberg
2525,9051,Sint-Denijs-Westrem
2526,9051,Afsnee
2527,9052,Zwijnaarde
2528,9060,ZELZATE
2529,9070,Heusden
2530,9070,DESTELBERGEN
2531,9075,CSM Gent X
2532,9080,Zeveneken
2533,9080,Beervelde
2534,9080,Zaffelare
2535,9080,LOCHRISTI
2536,9090,MELLE
2537,9090,Gontrode
2538,9099,Gent X
2539,9100,Nieuwkerken-Waas
2540,9100,SINT-NIKLAAS
2541,9111,Belsele
2542,9112,Sinaai-Waas
2543,9120,BEVEREN-WAAS
2544,9120,Melsele
2545,9120,Haasdonk
2546,9120,Kallo
2547,9120,Vrasene
2548,9130,Verrebroek
2549,9130,Kallo
2550,9130,Doel
2551,9130,Kieldrecht
2552,9140,Tielrode
2553,9140,Steendorp
2554,9140,TEMSE
2555,9140,Elversele
2556,9150,Bazel
2557,9150,Rupelmonde
2558,9150,KRUIBEKE
2559,9160,Daknam
2560,9160,LOKEREN
2561,9160,Eksaarde
2562,9170,De Klinge
2563,9170,Sint-Pauwels
2564,9170,SINT-GILLIS-WAAS
2565,9170,Meerdonk
2566,9180,MOERBEKE-WAAS
2567,9185,WACHTEBEKE
2568,9190,Kemzeke
2569,9190,STEKENE
2570,9200,Schoonaarde
2571,9200,DENDERMONDE
2572,9200,Appels
2573,9200,Baasrode
2574,9200,Mespelare
2575,9200,Oudegem
2576,9200,Grembergen
2577,9200,Sint-Gillis-Dendermonde
2578,9220,Moerzeke
2579,9220,HAMME
2580,9230,Massemen
2581,9230,WETTEREN
2582,9230,Westrem
2583,9240,ZELE
2584,9250,WAASMUNSTER
2585,9255,Opdorp
2586,9255,BUGGENHOUT
2587,9260,WICHELEN
2588,9260,Schellebelle
2589,9260,Serskamp
2590,9270,Kalken
2591,9270,LAARNE
2592,9280,LEBBEKE
2593,9280,Denderbelle
2594,9280,Wieze
2595,9290,Overmere
2596,9290,Uitbergen
2597,9290,BERLARE
2598,9300,AALST
2599,9308,Gijzegem
2600,9308,Hofstade
2601,9310,Herdersem
2602,9310,Meldert
2603,9310,Moorsel
2604,9310,Baardegem
2605,9320,Erembodegem
2606,9320,Nieuwerkerken
2607,9340,Oordegem
2608,9340,LEDE
2609,9340,Smetlede
2610,9340,Impe
2611,9340,Wanzele
2612,9400,Denderwindeke
2613,9400,Nederhasselt
2614,9400,Lieferinge
2615,9400,Appelterre-Eichem
2616,9400,Voorde
2617,9400,Okegem
2618,9400,NINOVE
2619,9401,Pollare
2620,9402,Meerbeke
2621,9403,Neigem
2622,9404,Aspelare
2623,9406,Outer
2624,9420,Burst
2625,9420,ERPE-MERE
2626,9420,Erpe
2627,9420,Erondegem
2628,9420,Vlekkem
2629,9420,Ottergem
2630,9420,Aaigem
2631,9420,Bambrugge
2632,9420,Mere
2633,9450,Denderhoutem
2634,9450,HAALTERT
2635,9450,Heldergem
2636,9451,Kerksken
2637,9470,DENDERLEEUW
2638,9472,Iddergem
2639,9473,Welle
2640,9500,Ophasselt
2641,9500,GERAARDSBERGEN
2642,9500,Zarlardinge
2643,9500,Goeferdinge
2644,9500,Onkerzele
2645,9500,Overboelare
2646,9500,Moerbeke
2647,9500,Nederboelare
2648,9500,Viane
2649,9506,Idegem
2650,9506,Smeerebbe-Vloerzegem
2651,9506,Zandbergen
2652,9506,Nieuwenhove
2653,9506,Waarbeke
2654,9506,Schendelbeke
2655,9506,Grimminge
2656,9520,Vlierzele
2657,9520,SINT-LIEVENS-HOUTEM
2658,9520,Zonnegem
2659,9520,Oombergen
2660,9520,Bavegem
2661,9521,Letterhoutem
2662,9550,Woubrechtegem
2663,9550,HERZELE
2664,9550,Sint-Lievens-Esse
2665,9550,Sint-Antelinks
2666,9550,Steenhuize-Wijnhuize
2667,9550,Hillegem
2668,9551,Ressegem
2669,9552,Borsbeke
2670,9570,LIERDE
2671,9570,Sint-Maria-Lierde
2672,9570,Deftinge
2673,9571,Hemelveerdegem
2674,9572,Sint-Martens-Lierde
2675,9600,RENAIX
2676,9620,Oombergen
2677,9620,Elene
2678,9620,Sint-Goriks-Oudenhove
2679,9620,Godveerdegem
2680,9620,ZOTTEGEM
2681,9620,Leeuwergem
2682,9620,Sint-Maria-Oudenhove
2683,9620,Velzeke-Ruddershove
2684,9620,Grotenberge
2685,9620,Strijpen
2686,9620,Erwetegem
2687,9630,Sint-Maria-Latem
2688,9630,Rozebeke
2689,9630,Sint-Blasius-Boekel
2690,9630,Dikkele
2691,9630,Paulatem
2692,9630,Hundelgem
2693,9630,Beerlegem
2694,9630,Meilegem
2695,9630,Roborst
2696,9630,Munkzwalm
2697,9630,Sint-Denijs-Boekel
2698,9630,ZWALM
2699,9636,Nederzwalm-Hermelgem
2700,9660,Everbeek
2701,9660,BRAKEL
2702,9660,Sint-Maria-Oudenhove
2703,9660,Nederbrakel
2704,9660,Elst
2705,9660,Zegelsem
2706,9660,Michelbeke
2707,9660,Opbrakel
2708,9661,Parike
2709,9667,HOREBEKE
2710,9667,Sint-Maria-Horebeke
2711,9667,Sint-Kornelis-Horebeke
2712,9680,Maarke-Kerkem
2713,9680,MAARKEDAL
2714,9680,Etikhove
2715,9681,Nukerke
2716,9688,Schorisse
2717,9690,Kwaremont
2718,9690,Zulzeke
2719,9690,Berchem
2720,9690,KLUISBERGEN
2721,9690,Ruien
2722,9700,Melden
2723,9700,Edelare
2724,9700,Mullem
2725,9700,Bevere
2726,9700,Eine
2727,9700,OUDENAARDE
2728,9700,Mater
2729,9700,Volkegem
2730,9700,Ename
2731,9700,Ooike
2732,9700,Leupegem
2733,9700,Nederename
2734,9700,Heurne
2735,9700,Welden
2736,9750,Huise
2737,9750,Zingem
2738,9750,Ouwegem
2739,9770,KRUISEM
2740,9770,Kruishoutem
2741,9771,Nokere
2742,9772,Wannegem-Lede
2743,9790,Ooike
2744,9790,Elsegem
2745,9790,Petegem-Aan-De-Schelde
2746,9790,Wortegem
2747,9790,WORTEGEM-PETEGEM
2748,9790,Moregem
2749,9800,Vinkt
2750,9800,Grammene
2751,9800,Sint-Martens-Leerne
2752,9800,Astene
2753,9800,Petegem-Aan-De-Leie
2754,9800,Gottem
2755,9800,Wontergem
2756,9800,Zeveren
2757,9800,Bachte-Maria-Leerne
2758,9800,DEINZE
2759,9800,Meigem
2760,9810,NAZARETH
2761,9810,Eke
2762,9820,Bottelare
2763,9820,MERELBEKE
2764,9820,Lemberge
2765,9820,Munte
2766,9820,Schelderode
2767,9820,Melsen
2768,9830,SINT-MARTENS-LATEM
2769,9831,Deurle
2770,9840,Zevergem
2771,9840,DE PINTE
2772,9850,Merendree
2773,9850,Landegem
2774,9850,Poesele
2775,9850,Vosselare
2776,9850,Nevele
2777,9850,Hansbeke
2778,9860,Balegem
2779,9860,Landskouter
2780,9860,Gijzenzele
2781,9860,OOSTERZELE
2782,9860,Moortsele
2783,9860,Scheldewindeke
2784,9870,Machelen
2785,9870,Olsene
2786,9870,ZULTE
2787,9880,AALTER
2788,9880,Poeke
2789,9880,Lotenhulle
2790,9881,Bellem
2791,9890,GAVERE
2792,9890,Vurste
2793,9890,Semmerzake
2794,9890,Asper
2795,9890,Baaigem
2796,9890,Dikkelvenne
2797,9900,EEKLO
2798,9910,Knesselare
2799,9910,Ursel
2800,9920,Lovendegem
2801,9921,Vinderhoute
2802,9930,LIEVEGEM
2803,9930,Zomergem
2804,9931,Oostwinkel
2805,9932,Ronsele
2806,9940,Kluizen
2807,9940,Ertvelde
2808,9940,Sleidinge
2809,9940,EVERGEM
2810,9950,Waarschoot
2811,9960,ASSENEDE
2812,9961,Boekhoute
2813,9968,Oosteeklo
2814,9968,Bassevelde
2815,9970,KAPRIJKE
2816,9971,Lembeke
2817,9980,SINT-LAUREINS
2818,9981,Sint-Margriete
2819,9982,Sint-Jan-In-Eremo
2820,9988,Waterland-Oudeman
2821,9988,Watervliet
2822,9990,MALDEGEM
2823,9991,Adegem
2824,9992,Middelburg
